LAKE,TOWN,STATION,DATE,DEPTH,TEMP,DO,PCNTSAT,SPC-uS/cm,pH,NTU,TIME,BOTTOMZ,WEATHER,Comments,ID,Date_Sta_Dp
"SUNAPEE, LAKE",SUNAPEE,220,29-Oct-20,24.356,7.9,0.08,0.7,110.3,5.94,183.52,,25,Not recorded,,23406,10292020220 24.356
"SUNAPEE, LAKE",SUNAPEE,220,29-Oct-20,24.16,8,0.08,0.7,109.1,5.94,0.65,,25,Not recorded,,23405,10292020220 24.16
"SUNAPEE, LAKE",SUNAPEE,220,29-Oct-20,23.011,8,0.11,0.9,105.1,5.95,1.21,,25,Not recorded,,23404,10292020220 23.011
"SUNAPEE, LAKE",SUNAPEE,220,29-Oct-20,22.021,8.1,0.22,1.9,102.6,5.95,1.27,,25,Not recorded,,23403,10292020220 22.021
"SUNAPEE, LAKE",SUNAPEE,220,29-Oct-20,21.964,8.2,0.32,2.8,102.3,5.95,1.29,,25,Not recorded,,23402,10292020220 21.964
"SUNAPEE, LAKE",SUNAPEE,220,29-Oct-20,21.07,8.4,0.85,7.3,100.8,5.96,0.66,,25,Not recorded,,23401,10292020220 21.07
"SUNAPEE, LAKE",SUNAPEE,220,29-Oct-20,20.035,8.6,1.7,14.6,99.7,6,0.34,,25,Not recorded,,23400,10292020220 20.035
"SUNAPEE, LAKE",SUNAPEE,220,29-Oct-20,19.101,9,2,17.3,100.2,6.09,0.52,,25,Not recorded,,23399,10292020220 19.101
"SUNAPEE, LAKE",SUNAPEE,220,29-Oct-20,18.185,11.9,9.58,88.7,100.9,6.48,0.16,,25,Not recorded,,23398,10292020220 18.185
"SUNAPEE, LAKE",SUNAPEE,220,29-Oct-20,17.223,12,9.25,85.8,100.9,6.45,0.18,,25,Not recorded,,23397,10292020220 17.223
"SUNAPEE, LAKE",SUNAPEE,220,29-Oct-20,0.504,12.1,9.81,91.3,100.9,6.37,0.19,,25,Not recorded,,23396,10292020220 .504
"SUNAPEE, LAKE",SUNAPEE,210,29-Oct-20,30.105,9,2.56,22.2,102.1,5.85,8.26,,30,Not recorded,,23395,10292020210 30.105
"SUNAPEE, LAKE",SUNAPEE,210,29-Oct-20,29.096,9,2.61,22.6,101.7,5.85,0.25,,30,Not recorded,,23394,10292020210 29.096
"SUNAPEE, LAKE",SUNAPEE,210,29-Oct-20,28.263,9.1,3.09,26.8,101.3,5.87,0.19,,30,Not recorded,,23393,10292020210 28.263
"SUNAPEE, LAKE",SUNAPEE,210,29-Oct-20,23.289,9.4,3.83,33.5,101,5.93,0.15,,30,Not recorded,,23392,10292020210 23.289
"SUNAPEE, LAKE",SUNAPEE,210,29-Oct-20,22.136,9.5,3.91,34.2,101,5.97,0.18,,30,Not recorded,,23391,10292020210 22.136
"SUNAPEE, LAKE",SUNAPEE,210,29-Oct-20,21.098,9.6,4.12,36.2,100.9,6.02,0.15,,30,Not recorded,,23390,10292020210 21.098
"SUNAPEE, LAKE",SUNAPEE,210,29-Oct-20,20.099,9.8,4.36,38.5,100.8,6.09,0.16,,30,Not recorded,,23389,10292020210 20.099
"SUNAPEE, LAKE",SUNAPEE,210,29-Oct-20,19.083,10,4.67,41.4,101.1,6.18,0.11,,30,Not recorded,,23388,10292020210 19.083
"SUNAPEE, LAKE",SUNAPEE,210,29-Oct-20,18.065,11.9,8.78,81.2,101.2,6.57,0.14,,30,Not recorded,,23387,10292020210 18.065
"SUNAPEE, LAKE",SUNAPEE,210,29-Oct-20,17.22,12.1,9.63,89.6,101.1,6.62,0.13,,30,Not recorded,,23386,10292020210 17.22
"SUNAPEE, LAKE",SUNAPEE,210,29-Oct-20,16.189,12.1,9.7,90.3,101.2,6.62,0.13,,30,Not recorded,,23385,10292020210 16.189
"SUNAPEE, LAKE",SUNAPEE,210,29-Oct-20,15.077,12.1,9.71,90.4,101.1,6.62,0.14,,30,Not recorded,,23384,10292020210 15.077
"SUNAPEE, LAKE",SUNAPEE,210,29-Oct-20,0.402,12.2,9.74,90.7,101.1,6.65,0.15,,30,Not recorded,,23383,10292020210 .402
"SUNAPEE, LAKE",SUNAPEE,210,22-Oct-20,30.881,9,2.72,23.5,101.3,5.83,0.22,,31,Not recorded,,23417,10222020210 30.881
"SUNAPEE, LAKE",SUNAPEE,210,22-Oct-20,30.018,9,3.07,26.6,100.9,5.86,0.2,,31,Not recorded,,23416,10222020210 30.018
"SUNAPEE, LAKE",SUNAPEE,210,22-Oct-20,29.108,9,3.23,28,101,5.89,0.26,,31,Not recorded,,23415,10222020210 29.108
"SUNAPEE, LAKE",SUNAPEE,210,22-Oct-20,20.147,9.9,4.72,41.7,100.8,6.05,0.12,,31,Not recorded,,23414,10222020210 20.147
"SUNAPEE, LAKE",SUNAPEE,210,22-Oct-20,19.169,10,4.77,42.2,100.8,6.07,0.13,,31,Not recorded,,23413,10222020210 19.169
"SUNAPEE, LAKE",SUNAPEE,210,22-Oct-20,18.127,10.2,4.95,44,100.9,6.13,0.14,,31,Not recorded,,23412,10222020210 18.127
"SUNAPEE, LAKE",SUNAPEE,210,22-Oct-20,17.125,10.6,5.19,46.6,100.8,6.21,0.14,,31,Not recorded,,23411,10222020210 17.125
"SUNAPEE, LAKE",SUNAPEE,210,22-Oct-20,16.108,11.9,6.82,63.1,101.4,6.38,0.13,,31,Not recorded,,23410,10222020210 16.108
"SUNAPEE, LAKE",SUNAPEE,210,22-Oct-20,15.091,13.1,8.98,85.4,101.2,6.65,0.14,,31,Not recorded,,23409,10222020210 15.091
"SUNAPEE, LAKE",SUNAPEE,210,22-Oct-20,14.361,13.3,9.3,88.8,101.1,6.72,0.12,,31,Not recorded,,23408,10222020210 14.361
"SUNAPEE, LAKE",SUNAPEE,210,22-Oct-20,0.451,13.7,9.66,93.1,101,6.79,0.09,,31,Not recorded,,23407,10222020210 .451
"SUNAPEE, LAKE",SUNAPEE,202,15-Oct-20,,,,,,,,,22,Not recorded,,23431,10152020202
"SUNAPEE, LAKE",SUNAPEE,202,15-Oct-20,20.401,9.9,0.92,8.1,105.7,6,3.32,,22,Not recorded,,23430,10152020202 20.401
"SUNAPEE, LAKE",SUNAPEE,202,15-Oct-20,19.407,10,1.04,9.2,105,6.01,2.44,,22,Not recorded,,23429,10152020202 19.407
"SUNAPEE, LAKE",SUNAPEE,202,15-Oct-20,18.387,10.2,1.89,16.9,103.7,6.02,1.64,,22,Not recorded,,23428,10152020202 18.387
"SUNAPEE, LAKE",SUNAPEE,202,15-Oct-20,16.008,11.1,4.36,39.6,101.3,6.15,0.22,,22,Not recorded,,23427,10152020202 16.008
"SUNAPEE, LAKE",SUNAPEE,202,15-Oct-20,15.352,11.5,4.82,44.2,101.2,6.21,0.16,,22,Not recorded,,23426,10152020202 15.352
"SUNAPEE, LAKE",SUNAPEE,202,15-Oct-20,0.422,14.3,9.76,95.4,101.6,6.5,0.13,,22,Not recorded,,23425,10152020202 .422
"SUNAPEE, LAKE",SUNAPEE,200,15-Oct-20,21.269,10.4,2.45,22,103.3,6.08,26.23,,23,Not recorded,,23424,10152020200 21.269
"SUNAPEE, LAKE",SUNAPEE,200,15-Oct-20,21.169,10.4,2.61,23.3,102.7,6.11,0.44,,23,Not recorded,,23423,10152020200 21.169
"SUNAPEE, LAKE",SUNAPEE,200,15-Oct-20,18.162,10.7,3.71,33.4,101.6,6.13,0.26,,23,Not recorded,,23422,10152020200 18.162
"SUNAPEE, LAKE",SUNAPEE,200,15-Oct-20,17.22,10.9,4.39,39.8,101.1,6.2,0.18,,23,Not recorded,,23421,10152020200 17.22
"SUNAPEE, LAKE",SUNAPEE,200,15-Oct-20,16.096,11.5,4.88,44.8,101.3,6.25,0.18,,23,Not recorded,,23420,10152020200 16.096
"SUNAPEE, LAKE",SUNAPEE,200,15-Oct-20,15.078,12.2,5.73,53.4,101.3,6.38,0.17,,23,Not recorded,,23419,10152020200 15.078
"SUNAPEE, LAKE",SUNAPEE,200,15-Oct-20,0.913,14.4,9.47,92.7,101.5,6.52,0.12,,23,Not recorded,,23418,10152020200 .913
"SUNAPEE, LAKE",SUNAPEE,210,15-Oct-20,25.008,9.2,4.33,37.6,100.8,5.99,0.19,,30,Not recorded,,23434,10152020210 25.008
"SUNAPEE, LAKE",SUNAPEE,210,15-Oct-20,15.204,12.3,6.67,62.3,100.8,6.22,0.12,,30,Not recorded,,23433,10152020210 15.204
"SUNAPEE, LAKE",SUNAPEE,210,15-Oct-20,0.298,14.2,9.46,92.3,101.3,6.88,0.13,,30,Not recorded,,23432,10152020210 .298
"SUNAPEE, LAKE",SUNAPEE,215,05-Oct-20,26.973,9,3.33,28.8,102,6.1,180.25,,27,Not recorded,,23489,1052020215 26.973
"SUNAPEE, LAKE",SUNAPEE,215,05-Oct-20,26.966,9,3.33,28.8,102,6.1,0.51,,27,Not recorded,,23487,1052020215 26.966
"SUNAPEE, LAKE",SUNAPEE,215,05-Oct-20,26.049,9.1,4.33,37.5,101.1,6.14,0.23,,27,Not recorded,,23485,1052020215 26.049
"SUNAPEE, LAKE",SUNAPEE,215,05-Oct-20,25.043,9.1,4.46,38.6,101,6.17,0.21,,27,Not recorded,,23483,1052020215 25.043
"SUNAPEE, LAKE",SUNAPEE,215,05-Oct-20,24.122,9.2,4.8,41.8,100.8,6.19,0.2,,27,Not recorded,,23481,1052020215 24.122
"SUNAPEE, LAKE",SUNAPEE,215,05-Oct-20,23.088,9.2,4.94,43,100.8,6.22,0.19,,27,Not recorded,,23479,1052020215 23.088
"SUNAPEE, LAKE",SUNAPEE,215,05-Oct-20,18.066,9.8,5.76,50.7,100.6,6.29,0.17,,27,Not recorded,,23477,1052020215 18.066
"SUNAPEE, LAKE",SUNAPEE,215,05-Oct-20,17.057,10.1,5.93,52.6,100.8,6.31,0.19,,27,Not recorded,,23475,1052020215 17.057
"SUNAPEE, LAKE",SUNAPEE,215,05-Oct-20,16.16,10.4,6.11,54.6,100.6,6.34,0.15,,27,Not recorded,,23473,1052020215 16.16
"SUNAPEE, LAKE",SUNAPEE,215,05-Oct-20,15.225,10.6,6.22,56,100.7,6.38,0.14,,27,Not recorded,,23471,1052020215 15.225
"SUNAPEE, LAKE",SUNAPEE,215,05-Oct-20,14.337,11.1,6.53,59.4,100.7,6.45,0.14,,27,Not recorded,,23469,1052020215 14.337
"SUNAPEE, LAKE",SUNAPEE,215,05-Oct-20,12.177,14.8,7.98,78.8,102,6.71,0.12,,27,Not recorded,,23467,1052020215 12.177
"SUNAPEE, LAKE",SUNAPEE,215,05-Oct-20,11.246,16.7,8.94,91.9,101.7,6.79,0.1,,27,Not recorded,,23465,1052020215 11.246
"SUNAPEE, LAKE",SUNAPEE,215,05-Oct-20,0.374,16.7,8.97,92.3,101.5,6.73,0.1,,27,Not recorded,,23463,1052020215 .374
"SUNAPEE, LAKE",SUNAPEE,220,05-Oct-20,24.934,8,0.05,0.4,103.7,5.87,38.1,,25,Not recorded,,23461,1052020220 24.934
"SUNAPEE, LAKE",SUNAPEE,220,05-Oct-20,24.038,8,0.07,0.6,102.2,5.88,1.12,,25,Not recorded,,23459,1052020220 24.038
"SUNAPEE, LAKE",SUNAPEE,220,05-Oct-20,19.106,8.8,3.44,29.7,98.8,5.97,0.16,,25,Not recorded,,23457,1052020220 19.106
"SUNAPEE, LAKE",SUNAPEE,220,05-Oct-20,18.031,9.1,4.3,37.3,98.6,6.04,0.12,,25,Not recorded,,23455,1052020220 18.031
"SUNAPEE, LAKE",SUNAPEE,220,05-Oct-20,17.232,9.4,4.92,43,98.5,6.11,0.11,,25,Not recorded,,23453,1052020220 17.232
"SUNAPEE, LAKE",SUNAPEE,220,05-Oct-20,16.07,10.1,5.51,49,98.7,6.19,0.06,,25,Not recorded,,23451,1052020220 16.07
"SUNAPEE, LAKE",SUNAPEE,220,05-Oct-20,15.1,11.4,6.06,55.5,99.1,6.26,0.05,,25,Not recorded,,23449,1052020220 15.1
"SUNAPEE, LAKE",SUNAPEE,220,05-Oct-20,14.037,13,6.54,62.1,99.5,6.32,0.04,,25,Not recorded,,23447,1052020220 14.037
"SUNAPEE, LAKE",SUNAPEE,220,05-Oct-20,13.094,15.9,8.06,81.4,101.3,6.57,0.04,,25,Not recorded,,23445,1052020220 13.094
"SUNAPEE, LAKE",SUNAPEE,220,05-Oct-20,12.045,16.5,8.71,89.2,101.5,6.62,0.04,,25,Not recorded,,23443,1052020220 12.045
"SUNAPEE, LAKE",SUNAPEE,220,05-Oct-20,11.141,16.6,8.88,91.1,101.5,6.62,0,,25,Not recorded,,23441,1052020220 11.141
"SUNAPEE, LAKE",SUNAPEE,220,05-Oct-20,10.041,16.6,8.89,91.2,101.5,6.62,0.02,,25,Not recorded,,23439,1052020220 10.041
"SUNAPEE, LAKE",SUNAPEE,220,05-Oct-20,9.184,16.6,8.89,91.2,101.5,6.62,0.01,,25,Not recorded,,23437,1052020220 9.184
"SUNAPEE, LAKE",SUNAPEE,220,05-Oct-20,0.525,16.6,8.92,91.6,101.5,6.61,0.03,,25,Not recorded,,23435,1052020220 .525
"SUNAPEE, LAKE",SUNAPEE,207,29-Sep-20,22.555,9,4.56,39.4,101.1,6.09,7.94,,22,"clear, warm, calm",,23382,9292020207 22.555
"SUNAPEE, LAKE",SUNAPEE,207,29-Sep-20,22.403,9,4.6,39.8,101.1,6.15,0.16,,22,"clear, warm, calm",,23381,9292020207 22.403
"SUNAPEE, LAKE",SUNAPEE,207,29-Sep-20,21.457,9.2,4.66,40.5,101.2,6.18,0.22,,22,"clear, warm, calm",,23380,9292020207 21.457
"SUNAPEE, LAKE",SUNAPEE,207,29-Sep-20,20.408,9.3,4.95,43.2,101,6.24,0.15,,22,"clear, warm, calm",,23379,9292020207 20.408
"SUNAPEE, LAKE",SUNAPEE,207,29-Sep-20,15.342,10.7,6.34,57.1,100.3,6.37,0.13,,22,"clear, warm, calm",,23378,9292020207 15.342
"SUNAPEE, LAKE",SUNAPEE,207,29-Sep-20,10.338,16.8,8.9,91.8,102.1,6.9,0.1,,22,"clear, warm, calm",,23377,9292020207 10.338
"SUNAPEE, LAKE",SUNAPEE,207,29-Sep-20,0.482,18.4,9.12,97.2,102.2,6.89,0.06,,22,"clear, warm, calm",,23376,9292020207 .482
"SUNAPEE, LAKE",SUNAPEE,219,29-Sep-20,22.41,8,0.13,1.1,102.7,6.02,25.49,,22,"clear, warm, calm",,23375,9292020219 22.41
"SUNAPEE, LAKE",SUNAPEE,219,29-Sep-20,22.368,8,0.16,1.3,102.6,6.02,1.36,,22,"clear, warm, calm",,23374,9292020219 22.368
"SUNAPEE, LAKE",SUNAPEE,219,29-Sep-20,20.636,8.2,1.09,9.3,100.7,6.05,0.64,,22,"clear, warm, calm",,23373,9292020219 20.636
"SUNAPEE, LAKE",SUNAPEE,219,29-Sep-20,19.577,8.6,2.79,23.9,99.3,6.16,0.33,,22,"clear, warm, calm",,23372,9292020219 19.577
"SUNAPEE, LAKE",SUNAPEE,219,29-Sep-20,15.359,10.2,5.9,52.6,98.7,6.49,0.21,,22,"clear, warm, calm",,23371,9292020219 15.359
"SUNAPEE, LAKE",SUNAPEE,219,29-Sep-20,12.823,16.3,8.35,85,101.7,6.82,0.11,,22,"clear, warm, calm",,23370,9292020219 12.823
"SUNAPEE, LAKE",SUNAPEE,219,29-Sep-20,10.959,16.9,8.79,90.8,101.9,6.87,0.09,,22,"clear, warm, calm",,23369,9292020219 10.959
"SUNAPEE, LAKE",SUNAPEE,219,29-Sep-20,9.914,17,8.82,91.3,101.9,6.89,0.13,,22,"clear, warm, calm",,23368,9292020219 9.914
"SUNAPEE, LAKE",SUNAPEE,219,29-Sep-20,0.484,17.8,9.05,95.2,102,6.96,0.08,,22,"clear, warm, calm",,23367,9292020219 .484
"SUNAPEE, LAKE",SUNAPEE,210,29-Sep-20,29.745,8.6,3.29,28.2,101.4,5.86,0.6,,28.5,"clear, warm, calm",,23365,9292020210 29.745
"SUNAPEE, LAKE",SUNAPEE,210,29-Sep-20,28.659,8.6,3.44,29.5,101.3,5.89,0.21,,28.5,"clear, warm, calm",,23364,9292020210 28.659
"SUNAPEE, LAKE",SUNAPEE,210,29-Sep-20,26.267,8.7,4.14,35.6,101.2,5.93,0.16,,28.5,"clear, warm, calm",,23363,9292020210 26.267
"SUNAPEE, LAKE",SUNAPEE,210,29-Sep-20,17.079,9.9,5.74,50.8,100.6,6.04,0.17,,28.5,"clear, warm, calm",,23362,9292020210 17.079
"SUNAPEE, LAKE",SUNAPEE,210,29-Sep-20,16.075,10,5.94,52.6,100.6,6.08,0.16,,28.5,"clear, warm, calm",,23361,9292020210 16.075
"SUNAPEE, LAKE",SUNAPEE,210,29-Sep-20,15.255,10.8,6.37,57.5,100.6,6.11,0.14,,28.5,"clear, warm, calm",,23360,9292020210 15.255
"SUNAPEE, LAKE",SUNAPEE,210,29-Sep-20,14.342,11.1,6.85,62.2,100.5,6.22,0.14,,28.5,"clear, warm, calm",,23359,9292020210 14.342
"SUNAPEE, LAKE",SUNAPEE,210,29-Sep-20,13.494,12.2,7.02,65.4,100.5,6.28,0.13,,28.5,"clear, warm, calm",,23358,9292020210 13.494
"SUNAPEE, LAKE",SUNAPEE,210,29-Sep-20,12.625,13.3,7.48,71.4,100.7,6.45,0.11,,28.5,"clear, warm, calm",,23357,9292020210 12.625
"SUNAPEE, LAKE",SUNAPEE,210,29-Sep-20,10.282,16.8,8.88,91.5,102,6.76,0.06,,28.5,"clear, warm, calm",,23356,9292020210 10.282
"SUNAPEE, LAKE",SUNAPEE,210,29-Sep-20,5.128,17.8,9.12,95.9,102.1,6.79,0.06,,28.5,"clear, warm, calm",,23355,9292020210 5.128
"SUNAPEE, LAKE",SUNAPEE,210,29-Sep-20,0.391,18,9.13,96.5,102.1,6.8,0.03,,28.5,"clear, warm, calm",,23354,9292020210 .391
"SUNAPEE, LAKE",SUNAPEE,216,15-Sep-20,24.077,8.9,5.07,43.7,101.4,6.02,299.22,,24,"clear, cool, breezy, ripples",,23604,9152020216 24.077
"SUNAPEE, LAKE",SUNAPEE,216,15-Sep-20,23.184,8.9,5.16,44.6,101.1,6.06,0.17,,24,"clear, cool, breezy, ripples",,23603,9152020216 23.184
"SUNAPEE, LAKE",SUNAPEE,216,15-Sep-20,22.214,9,5.3,45.8,101.1,6.1,0.18,,24,"clear, cool, breezy, ripples",,23602,9152020216 22.214
"SUNAPEE, LAKE",SUNAPEE,216,15-Sep-20,21.189,9.1,5.89,51.1,100.9,6.14,0.16,,24,"clear, cool, breezy, ripples",,23601,9152020216 21.189
"SUNAPEE, LAKE",SUNAPEE,216,15-Sep-20,20.018,9.2,6.21,54,100.8,6.18,0.17,,24,"clear, cool, breezy, ripples",,23600,9152020216 20.018
"SUNAPEE, LAKE",SUNAPEE,216,15-Sep-20,19.045,9.4,6.52,56.9,100.6,6.22,0.15,,24,"clear, cool, breezy, ripples",,23599,9152020216 19.045
"SUNAPEE, LAKE",SUNAPEE,216,15-Sep-20,18.035,9.5,6.72,58.9,100.5,6.25,0.15,,24,"clear, cool, breezy, ripples",,23598,9152020216 18.035
"SUNAPEE, LAKE",SUNAPEE,216,15-Sep-20,17.053,9.8,6.94,61.2,100.5,6.29,0.14,,24,"clear, cool, breezy, ripples",,23597,9152020216 17.053
"SUNAPEE, LAKE",SUNAPEE,216,15-Sep-20,16.066,10.2,6.99,62.2,100.5,6.35,0.17,,24,"clear, cool, breezy, ripples",,23596,9152020216 16.066
"SUNAPEE, LAKE",SUNAPEE,216,15-Sep-20,15.037,10.5,7.33,65.7,100.4,6.39,0.15,,24,"clear, cool, breezy, ripples",,23595,9152020216 15.037
"SUNAPEE, LAKE",SUNAPEE,216,15-Sep-20,14.1,11,7.71,69.9,100.3,6.46,0.14,,24,"clear, cool, breezy, ripples",,23594,9152020216 14.1
"SUNAPEE, LAKE",SUNAPEE,216,15-Sep-20,13.059,11.4,7.86,72,100.3,6.51,0.15,,24,"clear, cool, breezy, ripples",,23593,9152020216 13.059
"SUNAPEE, LAKE",SUNAPEE,216,15-Sep-20,12.007,12.3,8.12,75.8,100.3,6.6,0.14,,24,"clear, cool, breezy, ripples",,23592,9152020216 12.007
"SUNAPEE, LAKE",SUNAPEE,216,15-Sep-20,11.213,13,8.48,80.5,100.3,6.72,0.12,,24,"clear, cool, breezy, ripples",,23591,9152020216 11.213
"SUNAPEE, LAKE",SUNAPEE,216,15-Sep-20,10.128,19.3,8.71,94.5,102,6.89,0.02,,24,"clear, cool, breezy, ripples",,23590,9152020216 10.128
"SUNAPEE, LAKE",SUNAPEE,216,15-Sep-20,9.046,19.4,8.73,94.9,101.9,6.89,0.03,,24,"clear, cool, breezy, ripples",,23589,9152020216 9.046
"SUNAPEE, LAKE",SUNAPEE,216,15-Sep-20,8.114,19.5,8.74,95.1,101.9,6.88,0.02,,24,"clear, cool, breezy, ripples",,23588,9152020216 8.114
"SUNAPEE, LAKE",SUNAPEE,216,15-Sep-20,7.051,19.5,8.74,95.2,101.9,6.88,0.05,,24,"clear, cool, breezy, ripples",,23587,9152020216 7.051
"SUNAPEE, LAKE",SUNAPEE,216,15-Sep-20,6.055,19.5,8.74,95.2,101.9,6.88,0.01,,24,"clear, cool, breezy, ripples",,23586,9152020216 6.055
"SUNAPEE, LAKE",SUNAPEE,216,15-Sep-20,5.131,19.5,8.75,95.3,102,6.87,0.02,,24,"clear, cool, breezy, ripples",,23585,9152020216 5.131
"SUNAPEE, LAKE",SUNAPEE,216,15-Sep-20,4.105,19.5,8.75,95.4,102,6.87,0.01,,24,"clear, cool, breezy, ripples",,23584,9152020216 4.105
"SUNAPEE, LAKE",SUNAPEE,216,15-Sep-20,3.003,19.5,8.76,95.5,102,6.88,0.01,,24,"clear, cool, breezy, ripples",,23583,9152020216 3.003
"SUNAPEE, LAKE",SUNAPEE,216,15-Sep-20,2.206,19.6,8.76,95.5,101.9,6.85,0.01,,24,"clear, cool, breezy, ripples",,23582,9152020216 2.206
"SUNAPEE, LAKE",SUNAPEE,216,15-Sep-20,0.972,19.6,8.77,95.6,101.9,6.85,0.02,,24,"clear, cool, breezy, ripples",,23581,9152020216 .972
"SUNAPEE, LAKE",SUNAPEE,216,15-Sep-20,0.438,19.6,8.77,95.6,101.9,6.79,0.03,,24,"clear, cool, breezy, ripples",,23580,9152020216 .438
"SUNAPEE, LAKE",SUNAPEE,210,15-Sep-20,30.08,8.5,3.46,29.6,101.6,5.86,0.24,,31,"clear, cold calm, ripples",,23579,9152020210 30.08
"SUNAPEE, LAKE",SUNAPEE,210,15-Sep-20,29.979,8.5,3.51,30,101.6,5.87,0.23,,31,"clear, cold calm, ripples",,23578,9152020210 29.979
"SUNAPEE, LAKE",SUNAPEE,210,15-Sep-20,29.044,8.5,3.77,32.2,101.6,5.89,0.23,,31,"clear, cold calm, ripples",,23577,9152020210 29.044
"SUNAPEE, LAKE",SUNAPEE,210,15-Sep-20,28.161,8.6,4.27,36.6,101.4,5.9,0.22,,31,"clear, cold calm, ripples",,23576,9152020210 28.161
"SUNAPEE, LAKE",SUNAPEE,210,15-Sep-20,27.014,8.7,4.83,41.4,101.3,5.92,0.18,,31,"clear, cold calm, ripples",,23575,9152020210 27.014
"SUNAPEE, LAKE",SUNAPEE,210,15-Sep-20,26.022,8.7,5.03,43.2,101.2,5.93,0.18,,31,"clear, cold calm, ripples",,23574,9152020210 26.022
"SUNAPEE, LAKE",SUNAPEE,210,15-Sep-20,25.011,8.7,5.12,44,101.1,5.95,0.16,,31,"clear, cold calm, ripples",,23573,9152020210 25.011
"SUNAPEE, LAKE",SUNAPEE,210,15-Sep-20,24.054,8.7,5.4,46.4,101.1,5.96,0.16,,31,"clear, cold calm, ripples",,23572,9152020210 24.054
"SUNAPEE, LAKE",SUNAPEE,210,15-Sep-20,23.035,8.9,5.51,47.5,101,5.97,0.16,,31,"clear, cold calm, ripples",,23571,9152020210 23.035
"SUNAPEE, LAKE",SUNAPEE,210,15-Sep-20,22.192,8.9,5.72,49.4,101,5.99,0.15,,31,"clear, cold calm, ripples",,23570,9152020210 22.192
"SUNAPEE, LAKE",SUNAPEE,210,15-Sep-20,21.132,9.1,6.06,52.6,100.8,6.03,0.15,,31,"clear, cold calm, ripples",,23569,9152020210 21.132
"SUNAPEE, LAKE",SUNAPEE,210,15-Sep-20,20.057,9.3,6.18,53.8,100.7,6.04,0.16,,31,"clear, cold calm, ripples",,23568,9152020210 20.057
"SUNAPEE, LAKE",SUNAPEE,210,15-Sep-20,19.092,9.4,6.24,54.5,100.7,6.06,0.17,,31,"clear, cold calm, ripples",,23567,9152020210 19.092
"SUNAPEE, LAKE",SUNAPEE,210,15-Sep-20,17.991,9.5,6.31,55.3,100.6,6.07,0.14,,31,"clear, cold calm, ripples",,23566,9152020210 17.991
"SUNAPEE, LAKE",SUNAPEE,210,15-Sep-20,17.091,9.7,6.47,56.9,100.7,6.09,0.17,,31,"clear, cold calm, ripples",,23565,9152020210 17.091
"SUNAPEE, LAKE",SUNAPEE,210,15-Sep-20,15.985,10,6.77,59.9,100.6,6.11,0.16,,31,"clear, cold calm, ripples",,23564,9152020210 15.985
"SUNAPEE, LAKE",SUNAPEE,210,15-Sep-20,15.116,10.3,6.8,60.6,100.6,6.13,0.15,,31,"clear, cold calm, ripples",,23563,9152020210 15.116
"SUNAPEE, LAKE",SUNAPEE,210,15-Sep-20,14.04,10.5,6.75,60.4,100.6,6.15,0.18,,31,"clear, cold calm, ripples",,23562,9152020210 14.04
"SUNAPEE, LAKE",SUNAPEE,210,15-Sep-20,13.064,11.2,7.21,65.7,100.6,6.27,0.18,,31,"clear, cold calm, ripples",,23561,9152020210 13.064
"SUNAPEE, LAKE",SUNAPEE,210,15-Sep-20,11.988,11.9,7.63,70.7,100.4,6.31,0.15,,31,"clear, cold calm, ripples",,23560,9152020210 11.988
"SUNAPEE, LAKE",SUNAPEE,210,15-Sep-20,12.021,11.9,7.59,70.3,100.5,6.32,0.14,,31,"clear, cold calm, ripples",,23559,9152020210 12.021
"SUNAPEE, LAKE",SUNAPEE,210,15-Sep-20,11.193,14.1,8.67,84.3,100.5,6.59,0.16,,31,"clear, cold calm, ripples",,23558,9152020210 11.193
"SUNAPEE, LAKE",SUNAPEE,210,15-Sep-20,10.14,16.7,9.13,93.9,100.8,6.73,0.09,,31,"clear, cold calm, ripples",,23557,9152020210 10.14
"SUNAPEE, LAKE",SUNAPEE,210,15-Sep-20,9.165,19.6,8.68,94.7,102,6.93,0.01,,31,"clear, cold calm, ripples",,23556,9152020210 9.165
"SUNAPEE, LAKE",SUNAPEE,210,15-Sep-20,8.018,19.6,8.68,94.8,102,6.93,0.02,,31,"clear, cold calm, ripples",,23555,9152020210 8.018
"SUNAPEE, LAKE",SUNAPEE,210,15-Sep-20,7.252,19.6,8.68,94.8,102,6.93,0.03,,31,"clear, cold calm, ripples",,23554,9152020210 7.252
"SUNAPEE, LAKE",SUNAPEE,210,15-Sep-20,5.928,19.6,8.69,94.8,101.9,6.95,0.01,,31,"clear, cold calm, ripples",,23553,9152020210 5.928
"SUNAPEE, LAKE",SUNAPEE,210,15-Sep-20,5.157,19.6,8.69,94.8,101.9,6.95,0.01,,31,"clear, cold calm, ripples",,23552,9152020210 5.157
"SUNAPEE, LAKE",SUNAPEE,210,15-Sep-20,4.073,19.6,8.7,94.9,101.9,6.94,0.07,,31,"clear, cold calm, ripples",,23551,9152020210 4.073
"SUNAPEE, LAKE",SUNAPEE,210,15-Sep-20,3.003,19.6,8.7,95,101.9,6.94,0.04,,31,"clear, cold calm, ripples",,23550,9152020210 3.003
"SUNAPEE, LAKE",SUNAPEE,210,15-Sep-20,1.96,19.6,8.7,95,101.9,6.95,0.02,,31,"clear, cold calm, ripples",,23549,9152020210 1.96
"SUNAPEE, LAKE",SUNAPEE,210,15-Sep-20,1.012,19.6,8.7,94.9,102,6.94,0.02,,31,"clear, cold calm, ripples",,23548,9152020210 1.012
"SUNAPEE, LAKE",SUNAPEE,210,15-Sep-20,0.567,19.6,8.7,94.9,102,7.01,0.02,,31,"clear, cold calm, ripples",,23547,9152020210 .567
"SUNAPEE, LAKE",SUNAPEE,202,11-Aug-20,22.21,9.3,4.18,36.4,102.8,6.02,3.26,,22,"clear, warm, calm, ripples",,23660,8112020202 22.21
"SUNAPEE, LAKE",SUNAPEE,202,11-Aug-20,22.01,9.3,4.27,37.2,102.5,6.02,0.43,,22,"clear, warm, calm, ripples",,23659,8112020202 22.01
"SUNAPEE, LAKE",SUNAPEE,202,11-Aug-20,21.043,9.3,4.8,41.9,101.8,6.04,0.3,,22,"clear, warm, calm, ripples",,23658,8112020202 21.043
"SUNAPEE, LAKE",SUNAPEE,202,11-Aug-20,20.075,9.4,5.18,45.2,101.6,6.07,0.27,,22,"clear, warm, calm, ripples",,23657,8112020202 20.075
"SUNAPEE, LAKE",SUNAPEE,202,11-Aug-20,19.072,9.4,5.25,45.9,101.6,6.08,0.26,,22,"clear, warm, calm, ripples",,23656,8112020202 19.072
"SUNAPEE, LAKE",SUNAPEE,202,11-Aug-20,18.093,9.5,5.73,50.2,101.2,6.13,0.2,,22,"clear, warm, calm, ripples",,23655,8112020202 18.093
"SUNAPEE, LAKE",SUNAPEE,202,11-Aug-20,17.027,9.7,6.07,53.3,101.1,6.17,0.2,,22,"clear, warm, calm, ripples",,23654,8112020202 17.027
"SUNAPEE, LAKE",SUNAPEE,202,11-Aug-20,16.025,9.9,6.87,60.8,100.7,6.24,0.18,,22,"clear, warm, calm, ripples",,23653,8112020202 16.025
"SUNAPEE, LAKE",SUNAPEE,202,11-Aug-20,15.03,10.1,7.14,63.4,100.7,6.3,0.18,,22,"clear, warm, calm, ripples",,23652,8112020202 15.03
"SUNAPEE, LAKE",SUNAPEE,202,11-Aug-20,14.032,10.3,7.57,67.6,100.6,6.36,0.19,,22,"clear, warm, calm, ripples",,23651,8112020202 14.032
"SUNAPEE, LAKE",SUNAPEE,202,11-Aug-20,13.029,10.4,7.65,68.4,100.5,6.39,0.2,,22,"clear, warm, calm, ripples",,23650,8112020202 13.029
"SUNAPEE, LAKE",SUNAPEE,202,11-Aug-20,12.145,10.9,7.86,71.1,100.6,6.47,0.17,,22,"clear, warm, calm, ripples",,23649,8112020202 12.145
"SUNAPEE, LAKE",SUNAPEE,202,11-Aug-20,11.077,12,9,83.6,100.2,6.6,0.21,,22,"clear, warm, calm, ripples",,23648,8112020202 11.077
"SUNAPEE, LAKE",SUNAPEE,202,11-Aug-20,10.031,13.5,9.82,94.3,100.1,6.77,0.14,,22,"clear, warm, calm, ripples",,23647,8112020202 10.031
"SUNAPEE, LAKE",SUNAPEE,202,11-Aug-20,9.12,15.2,10.11,100.6,100,6.86,0.11,,22,"clear, warm, calm, ripples",,23646,8112020202 9.12
"SUNAPEE, LAKE",SUNAPEE,202,11-Aug-20,7.995,19.8,9.55,104.6,100.5,6.89,0.06,,22,"clear, warm, calm, ripples",,23645,8112020202 7.995
"SUNAPEE, LAKE",SUNAPEE,202,11-Aug-20,7.013,23.6,8.07,95.3,101.9,6.89,0.05,,22,"clear, warm, calm, ripples",,23644,8112020202 7.013
"SUNAPEE, LAKE",SUNAPEE,202,11-Aug-20,6.035,24,8.11,96.3,101.6,6.89,0.03,,22,"clear, warm, calm, ripples",,23643,8112020202 6.035
"SUNAPEE, LAKE",SUNAPEE,202,11-Aug-20,5.128,24.2,8.13,97,101.7,6.86,0,,22,"clear, warm, calm, ripples",,23642,8112020202 5.128
"SUNAPEE, LAKE",SUNAPEE,202,11-Aug-20,4.107,24.7,8.12,97.8,101.6,6.84,-0.01,,22,"clear, warm, calm, ripples",,23641,8112020202 4.107
"SUNAPEE, LAKE",SUNAPEE,202,11-Aug-20,3.054,25,8.07,97.7,101.9,6.82,-0.01,,22,"clear, warm, calm, ripples",,23640,8112020202 3.054
"SUNAPEE, LAKE",SUNAPEE,202,11-Aug-20,1.948,25.3,8.03,97.7,102.2,6.82,0.01,,22,"clear, warm, calm, ripples",,23639,8112020202 1.948
"SUNAPEE, LAKE",SUNAPEE,202,11-Aug-20,0.66,25.4,8.03,97.9,102.2,6.82,0,,22,"clear, warm, calm, ripples",,23638,8112020202 .66
"SUNAPEE, LAKE",SUNAPEE,202,11-Aug-20,0.517,25.4,8.02,97.9,102.2,6.82,0.03,,22,"clear, warm, calm, ripples",,23637,8112020202 .517
"SUNAPEE, LAKE",SUNAPEE,210,11-Aug-20,29.047,8.4,6.01,51.2,100.8,5.89,54.51,,29,"clear, warm, calm, ripples",,23636,8112020210 29.047
"SUNAPEE, LAKE",SUNAPEE,210,11-Aug-20,29.008,8.4,6.04,51.4,100.7,5.89,0.19,,29,"clear, warm, calm, ripples",,23635,8112020210 29.008
"SUNAPEE, LAKE",SUNAPEE,210,11-Aug-20,28.061,8.4,6.24,53.2,100.7,5.91,0.19,,29,"clear, warm, calm, ripples",,23634,8112020210 28.061
"SUNAPEE, LAKE",SUNAPEE,210,11-Aug-20,27.028,8.4,6.43,54.9,100.7,5.93,0.17,,29,"clear, warm, calm, ripples",,23633,8112020210 27.028
"SUNAPEE, LAKE",SUNAPEE,210,11-Aug-20,26.133,8.5,6.65,56.8,100.6,5.94,0.16,,29,"clear, warm, calm, ripples",,23632,8112020210 26.133
"SUNAPEE, LAKE",SUNAPEE,210,11-Aug-20,25.043,8.5,6.82,58.3,100.6,5.96,0.19,,29,"clear, warm, calm, ripples",,23631,8112020210 25.043
"SUNAPEE, LAKE",SUNAPEE,210,11-Aug-20,24.034,8.6,7.16,61.3,100.5,5.99,0.14,,29,"clear, warm, calm, ripples",,23630,8112020210 24.034
"SUNAPEE, LAKE",SUNAPEE,210,11-Aug-20,23.148,8.6,7.23,62,100.4,6,0.14,,29,"clear, warm, calm, ripples",,23629,8112020210 23.148
"SUNAPEE, LAKE",SUNAPEE,210,11-Aug-20,22.015,8.7,7.4,63.6,100.4,6.02,0.16,,29,"clear, warm, calm, ripples",,23628,8112020210 22.015
"SUNAPEE, LAKE",SUNAPEE,210,11-Aug-20,21.075,8.8,7.4,63.7,100.4,6.03,0.14,,29,"clear, warm, calm, ripples",,23627,8112020210 21.075
"SUNAPEE, LAKE",SUNAPEE,210,11-Aug-20,20.097,8.9,7.73,66.7,100.3,6.05,0.14,,29,"clear, warm, calm, ripples",,23626,8112020210 20.097
"SUNAPEE, LAKE",SUNAPEE,210,11-Aug-20,19.145,9,7.8,67.5,100.2,6.06,0.13,,29,"clear, warm, calm, ripples",,23625,8112020210 19.145
"SUNAPEE, LAKE",SUNAPEE,210,11-Aug-20,18.121,9.1,7.84,68,100.3,6.07,0.15,,29,"clear, warm, calm, ripples",,23624,8112020210 18.121
"SUNAPEE, LAKE",SUNAPEE,210,11-Aug-20,17.005,9.3,8.09,70.5,100.1,6.1,0.17,,29,"clear, warm, calm, ripples",,23623,8112020210 17.005
"SUNAPEE, LAKE",SUNAPEE,210,11-Aug-20,16.053,9.6,8.17,71.6,100.1,6.12,0.18,,29,"clear, warm, calm, ripples",,23622,8112020210 16.053
"SUNAPEE, LAKE",SUNAPEE,210,11-Aug-20,15.048,9.8,8.1,71.4,100.1,6.13,0.21,,29,"clear, warm, calm, ripples",,23621,8112020210 15.048
"SUNAPEE, LAKE",SUNAPEE,210,11-Aug-20,14.039,10.1,8.75,77.7,99.9,6.19,0.2,,29,"clear, warm, calm, ripples",,23620,8112020210 14.039
"SUNAPEE, LAKE",SUNAPEE,210,11-Aug-20,13.09,10.5,8.74,78.4,99.9,6.22,0.19,,29,"clear, warm, calm, ripples",,23619,8112020210 13.09
"SUNAPEE, LAKE",SUNAPEE,210,11-Aug-20,12.099,11.2,9.05,82.4,99.7,6.36,0.25,,29,"clear, warm, calm, ripples",,23618,8112020210 12.099
"SUNAPEE, LAKE",SUNAPEE,210,11-Aug-20,11.07,12,9.54,88.6,99.8,6.47,0.2,,29,"clear, warm, calm, ripples",,23617,8112020210 11.07
"SUNAPEE, LAKE",SUNAPEE,210,11-Aug-20,10.121,13.5,10.15,97.4,100.1,6.61,0.16,,29,"clear, warm, calm, ripples",,23616,8112020210 10.121
"SUNAPEE, LAKE",SUNAPEE,210,11-Aug-20,9.185,16,10.04,101.7,99.7,6.65,0.12,,29,"clear, warm, calm, ripples",,23615,8112020210 9.185
"SUNAPEE, LAKE",SUNAPEE,210,11-Aug-20,8.023,21,8.68,97.3,100.6,6.69,0.08,,29,"clear, warm, calm, ripples",,23614,8112020210 8.023
"SUNAPEE, LAKE",SUNAPEE,210,11-Aug-20,7.116,23.3,7.94,93.1,101.1,6.71,0.04,,29,"clear, warm, calm, ripples",,23613,8112020210 7.116
"SUNAPEE, LAKE",SUNAPEE,210,11-Aug-20,6.167,23.9,7.91,93.8,101.3,6.72,0.05,,29,"clear, warm, calm, ripples",,23612,8112020210 6.167
"SUNAPEE, LAKE",SUNAPEE,210,11-Aug-20,5.117,24.5,7.85,94.2,101.3,6.68,-0.01,,29,"clear, warm, calm, ripples",,23611,8112020210 5.117
"SUNAPEE, LAKE",SUNAPEE,210,11-Aug-20,4.133,24.8,7.82,94.4,101.4,6.69,-0.02,,29,"clear, warm, calm, ripples",,23610,8112020210 4.133
"SUNAPEE, LAKE",SUNAPEE,210,11-Aug-20,3.057,24.9,7.8,94.3,101.4,6.71,0,,29,"clear, warm, calm, ripples",,23609,8112020210 3.057
"SUNAPEE, LAKE",SUNAPEE,210,11-Aug-20,2.032,24.9,7.8,94.3,101.4,6.72,0,,29,"clear, warm, calm, ripples",,23608,8112020210 2.032
"SUNAPEE, LAKE",SUNAPEE,210,11-Aug-20,0.888,25,7.77,94,101.4,6.73,0,,29,"clear, warm, calm, ripples",,23607,8112020210 .888
"SUNAPEE, LAKE",SUNAPEE,210,11-Aug-20,0.481,25,7.74,93.6,101.5,6.78,0.02,,29,"clear, warm, calm, ripples",,23606,8112020210 .481
"SUNAPEE, LAKE",SUNAPEE,230,11-Aug-20,0.481,25,7.69,93,101.5,6.85,0,,22,"clear, warm, calm, ripples",,23605,8112020230 .481
"SUNAPEE, LAKE",SUNAPEE,230,15-Jul-20,22.097,9.4,6.69,58.5,97.2,6.03,9.48,,22,"overcast, warm, calm, ripples",,23715,7152020230 22.097
"SUNAPEE, LAKE",SUNAPEE,230,15-Jul-20,22.028,9.4,6.71,58.6,97.2,6.03,0.23,,22,"overcast, warm, calm, ripples",,23714,7152020230 22.028
"SUNAPEE, LAKE",SUNAPEE,230,15-Jul-20,21.067,9.5,6.78,59.3,97.2,6.04,0.23,,22,"overcast, warm, calm, ripples",,23713,7152020230 21.067
"SUNAPEE, LAKE",SUNAPEE,230,15-Jul-20,20.032,9.5,6.99,61.2,97.2,6.06,0.23,,22,"overcast, warm, calm, ripples",,23712,7152020230 20.032
"SUNAPEE, LAKE",SUNAPEE,230,15-Jul-20,19.118,9.5,7.04,61.7,97.2,6.08,0.19,,22,"overcast, warm, calm, ripples",,23711,7152020230 19.118
"SUNAPEE, LAKE",SUNAPEE,230,15-Jul-20,18.067,9.6,7.16,62.8,97.2,6.1,0.21,,22,"overcast, warm, calm, ripples",,23710,7152020230 18.067
"SUNAPEE, LAKE",SUNAPEE,230,15-Jul-20,17.036,9.7,7.46,65.7,97.1,6.13,0.21,,22,"overcast, warm, calm, ripples",,23709,7152020230 17.036
"SUNAPEE, LAKE",SUNAPEE,230,15-Jul-20,16.139,10,7.77,68.9,97.1,6.2,0.25,,22,"overcast, warm, calm, ripples",,23708,7152020230 16.139
"SUNAPEE, LAKE",SUNAPEE,230,15-Jul-20,15.03,10.2,8.02,71.4,97.2,6.26,0.23,,22,"overcast, warm, calm, ripples",,23707,7152020230 15.03
"SUNAPEE, LAKE",SUNAPEE,230,15-Jul-20,14.125,10.5,8.31,74.5,97.2,6.33,0.23,,22,"overcast, warm, calm, ripples",,23706,7152020230 14.125
"SUNAPEE, LAKE",SUNAPEE,230,15-Jul-20,13.025,11,8.76,79.5,97.6,6.41,0.22,,22,"overcast, warm, calm, ripples",,23705,7152020230 13.025
"SUNAPEE, LAKE",SUNAPEE,230,15-Jul-20,12.076,11.9,9,83.3,97.8,6.46,0.26,,22,"overcast, warm, calm, ripples",,23704,7152020230 12.076
"SUNAPEE, LAKE",SUNAPEE,230,15-Jul-20,11.037,12.5,9.09,85.4,98.2,6.51,0.24,,22,"overcast, warm, calm, ripples",,23703,7152020230 11.037
"SUNAPEE, LAKE",SUNAPEE,230,15-Jul-20,10.061,13.5,9.21,88.4,98.6,6.56,0.26,,22,"overcast, warm, calm, ripples",,23702,7152020230 10.061
"SUNAPEE, LAKE",SUNAPEE,230,15-Jul-20,9.013,15.3,9.05,90.3,98.7,6.63,0.31,,22,"overcast, warm, calm, ripples",,23701,7152020230 9.013
"SUNAPEE, LAKE",SUNAPEE,230,15-Jul-20,8.025,17.1,9.74,101,99,6.83,0.15,,22,"overcast, warm, calm, ripples",,23700,7152020230 8.025
"SUNAPEE, LAKE",SUNAPEE,230,15-Jul-20,7.022,19.5,9.47,103.2,100.2,6.84,0.12,,22,"overcast, warm, calm, ripples",,23699,7152020230 7.022
"SUNAPEE, LAKE",SUNAPEE,230,15-Jul-20,6.058,24.1,8.21,97.7,100.4,6.83,0.06,,22,"overcast, warm, calm, ripples",,23698,7152020230 6.058
"SUNAPEE, LAKE",SUNAPEE,230,15-Jul-20,5.016,24.1,8.2,97.7,100.4,6.84,0.02,,22,"overcast, warm, calm, ripples",,23697,7152020230 5.016
"SUNAPEE, LAKE",SUNAPEE,230,15-Jul-20,4.029,24.1,8.22,97.8,100.4,6.84,0.02,,22,"overcast, warm, calm, ripples",,23696,7152020230 4.029
"SUNAPEE, LAKE",SUNAPEE,230,15-Jul-20,3.084,24.1,8.22,97.9,100.4,6.85,0.04,,22,"overcast, warm, calm, ripples",,23695,7152020230 3.084
"SUNAPEE, LAKE",SUNAPEE,230,15-Jul-20,1.979,24.1,8.23,98,100.4,6.86,0.03,,22,"overcast, warm, calm, ripples",,23694,7152020230 1.979
"SUNAPEE, LAKE",SUNAPEE,230,15-Jul-20,0.728,24.1,8.24,98.1,100.4,6.89,0.05,,22,"overcast, warm, calm, ripples",,23693,7152020230 .728
"SUNAPEE, LAKE",SUNAPEE,230,15-Jul-20,0.472,24.1,8.25,98.2,100.3,6.92,0.03,,22,"overcast, warm, calm, ripples",,23692,7152020230 .472
"SUNAPEE, LAKE",SUNAPEE,210,15-Jul-20,29.062,8.2,6.96,59.1,100.5,5.85,45.64,,29,"overcast, warm, calm, ripples",,23691,7152020210 29.062
"SUNAPEE, LAKE",SUNAPEE,210,15-Jul-20,29.024,8.2,6.98,59.3,100.5,5.86,0.24,,29,"overcast, warm, calm, ripples",,23690,7152020210 29.024
"SUNAPEE, LAKE",SUNAPEE,210,15-Jul-20,28.028,8.2,7.3,62,100.4,5.88,0.21,,29,"overcast, warm, calm, ripples",,23689,7152020210 28.028
"SUNAPEE, LAKE",SUNAPEE,210,15-Jul-20,27.169,8.3,7.52,63.9,100.4,5.9,0.22,,29,"overcast, warm, calm, ripples",,23688,7152020210 27.169
"SUNAPEE, LAKE",SUNAPEE,210,15-Jul-20,25.976,8.4,8.17,69.7,100.2,5.95,0.2,,29,"overcast, warm, calm, ripples",,23687,7152020210 25.976
"SUNAPEE, LAKE",SUNAPEE,210,15-Jul-20,24.015,8.5,8.68,74.2,100.1,6.01,0.18,,29,"overcast, warm, calm, ripples",,23686,7152020210 24.015
"SUNAPEE, LAKE",SUNAPEE,210,15-Jul-20,23.028,8.6,9.03,77.3,100,6.03,0.2,,29,"overcast, warm, calm, ripples",,23685,7152020210 23.028
"SUNAPEE, LAKE",SUNAPEE,210,15-Jul-20,22.073,8.6,9.14,78.3,99.9,6.04,0.17,,29,"overcast, warm, calm, ripples",,23684,7152020210 22.073
"SUNAPEE, LAKE",SUNAPEE,210,15-Jul-20,21.04,8.7,9.1,78,99.9,6.04,0.18,,29,"overcast, warm, calm, ripples",,23683,7152020210 21.04
"SUNAPEE, LAKE",SUNAPEE,210,15-Jul-20,20.062,8.7,9.23,79.3,99.8,6.05,0.16,,29,"overcast, warm, calm, ripples",,23682,7152020210 20.062
"SUNAPEE, LAKE",SUNAPEE,210,15-Jul-20,19.027,8.8,9.25,79.6,99.8,6.05,0.17,,29,"overcast, warm, calm, ripples",,23681,7152020210 19.027
"SUNAPEE, LAKE",SUNAPEE,210,15-Jul-20,18.019,8.9,9.05,78.1,99.9,6.06,0.18,,29,"overcast, warm, calm, ripples",,23680,7152020210 18.019
"SUNAPEE, LAKE",SUNAPEE,210,15-Jul-20,17.098,9,9.08,78.6,99.9,6.08,0.18,,29,"overcast, warm, calm, ripples",,23679,7152020210 17.098
"SUNAPEE, LAKE",SUNAPEE,210,15-Jul-20,16.047,9.1,9.34,81,99.8,6.15,0.22,,29,"overcast, warm, calm, ripples",,23678,7152020210 16.047
"SUNAPEE, LAKE",SUNAPEE,210,15-Jul-20,15.016,9.4,9.38,81.9,99.9,6.19,0.19,,29,"overcast, warm, calm, ripples",,23677,7152020210 15.016
"SUNAPEE, LAKE",SUNAPEE,210,15-Jul-20,14.047,9.6,9.48,83.2,99.8,6.22,0.19,,29,"overcast, warm, calm, ripples",,23676,7152020210 14.047
"SUNAPEE, LAKE",SUNAPEE,210,15-Jul-20,13.06,10,9.61,85.1,99.8,6.27,0.19,,29,"overcast, warm, calm, ripples",,23675,7152020210 13.06
"SUNAPEE, LAKE",SUNAPEE,210,15-Jul-20,12.023,10.3,9.85,87.8,99.7,6.32,0.19,,29,"overcast, warm, calm, ripples",,23674,7152020210 12.023
"SUNAPEE, LAKE",SUNAPEE,210,15-Jul-20,11.03,10.9,10.3,93.2,99.9,6.45,0.18,,29,"overcast, warm, calm, ripples",,23673,7152020210 11.03
"SUNAPEE, LAKE",SUNAPEE,210,15-Jul-20,10.04,11.9,10.16,94.1,99.7,6.51,0.17,,29,"overcast, warm, calm, ripples",,23672,7152020210 10.04
"SUNAPEE, LAKE",SUNAPEE,210,15-Jul-20,9.021,14.5,10.1,99.2,99.3,6.65,0.23,,29,"overcast, warm, calm, ripples",,23671,7152020210 9.021
"SUNAPEE, LAKE",SUNAPEE,210,15-Jul-20,7.022,19.5,9.85,107.3,100.2,6.64,0.09,,29,"overcast, warm, calm, ripples",,23670,7152020210 7.022
"SUNAPEE, LAKE",SUNAPEE,210,15-Jul-20,8.005,16.3,10.12,103.2,99.7,6.65,0.16,,29,"overcast, warm, calm, ripples",,23669,7152020210 8.005
"SUNAPEE, LAKE",SUNAPEE,210,15-Jul-20,4.211,24.6,8.06,96.8,100.6,6.6,0.01,,29,"overcast, warm, calm, ripples",,23668,7152020210 4.211
"SUNAPEE, LAKE",SUNAPEE,210,15-Jul-20,4.992,24.6,8.06,96.8,100.6,6.61,0.03,,29,"overcast, warm, calm, ripples",,23667,7152020210 4.992
"SUNAPEE, LAKE",SUNAPEE,210,15-Jul-20,6.011,24.6,8.06,96.7,100.6,6.6,0.02,,29,"overcast, warm, calm, ripples",,23666,7152020210 6.011
"SUNAPEE, LAKE",SUNAPEE,210,15-Jul-20,4.059,24.6,8.05,96.7,100.6,6.58,0.02,,29,"overcast, warm, calm, ripples",,23665,7152020210 4.059
"SUNAPEE, LAKE",SUNAPEE,210,15-Jul-20,3.05,24.6,8.05,96.7,100.6,6.56,0.03,,29,"overcast, warm, calm, ripples",,23664,7152020210 3.05
"SUNAPEE, LAKE",SUNAPEE,210,15-Jul-20,1.983,24.6,8.05,96.7,100.6,6.54,0.02,,29,"overcast, warm, calm, ripples",,23663,7152020210 1.983
"SUNAPEE, LAKE",SUNAPEE,210,15-Jul-20,0.955,24.6,8.05,96.7,100.6,6.54,0.02,,29,"overcast, warm, calm, ripples",,23662,7152020210 .955
"SUNAPEE, LAKE",SUNAPEE,210,15-Jul-20,0.496,24.6,8.03,96.5,100.6,6.52,0.01,,29,"overcast, warm, calm, ripples",,23661,7152020210 .496
"SUNAPEE, LAKE",SUNAPEE,220,22-Jun-20,25.122,8,6.19,52.3,100.9,6.07,8.27,,25,"hazy, warm, breezy, ripples",,23772,6222020220 25.122
"SUNAPEE, LAKE",SUNAPEE,220,22-Jun-20,25.055,8,6.21,52.5,100.9,6.07,0.23,,25,"hazy, warm, breezy, ripples",,23771,6222020220 25.055
"SUNAPEE, LAKE",SUNAPEE,220,22-Jun-20,24.048,8.1,6.75,57.1,100.6,6.13,0.22,,25,"hazy, warm, breezy, ripples",,23770,6222020220 24.048
"SUNAPEE, LAKE",SUNAPEE,220,22-Jun-20,23.067,8.2,7.71,65.4,100,6.2,0.21,,25,"hazy, warm, breezy, ripples",,23769,6222020220 23.067
"SUNAPEE, LAKE",SUNAPEE,220,22-Jun-20,22.029,8.3,8.9,75.8,99.5,6.29,0.14,,25,"hazy, warm, breezy, ripples",,23768,6222020220 22.029
"SUNAPEE, LAKE",SUNAPEE,220,22-Jun-20,21.028,8.5,8.96,76.5,99.6,6.33,0.13,,25,"hazy, warm, breezy, ripples",,23767,6222020220 21.028
"SUNAPEE, LAKE",SUNAPEE,220,22-Jun-20,20.063,8.6,9.43,80.8,99.6,6.39,0.13,,25,"hazy, warm, breezy, ripples",,23766,6222020220 20.063
"SUNAPEE, LAKE",SUNAPEE,220,22-Jun-20,19.01,8.7,9.48,81.4,99.6,6.42,0.13,,25,"hazy, warm, breezy, ripples",,23765,6222020220 19.01
"SUNAPEE, LAKE",SUNAPEE,220,22-Jun-20,18.154,8.8,9.97,85.9,99.7,6.47,0.1,,25,"hazy, warm, breezy, ripples",,23764,6222020220 18.154
"SUNAPEE, LAKE",SUNAPEE,220,22-Jun-20,17.017,9.1,10.2,88.5,99.8,6.51,0.13,,25,"hazy, warm, breezy, ripples",,23763,6222020220 17.017
"SUNAPEE, LAKE",SUNAPEE,220,22-Jun-20,16.171,9.4,10.32,90,99.9,6.53,0.12,,25,"hazy, warm, breezy, ripples",,23762,6222020220 16.171
"SUNAPEE, LAKE",SUNAPEE,220,22-Jun-20,15.097,10,10.37,91.8,100,6.56,0.12,,25,"hazy, warm, breezy, ripples",,23761,6222020220 15.097
"SUNAPEE, LAKE",SUNAPEE,220,22-Jun-20,14.032,10.5,10.36,92.9,100.2,6.59,0.14,,25,"hazy, warm, breezy, ripples",,23760,6222020220 14.032
"SUNAPEE, LAKE",SUNAPEE,220,22-Jun-20,13.045,11.1,10.18,92.6,100.3,6.63,0.11,,25,"hazy, warm, breezy, ripples",,23759,6222020220 13.045
"SUNAPEE, LAKE",SUNAPEE,220,22-Jun-20,12.051,11.5,10.22,93.7,100.5,6.68,0.17,,25,"hazy, warm, breezy, ripples",,23758,6222020220 12.051
"SUNAPEE, LAKE",SUNAPEE,220,22-Jun-20,11.04,11.9,10.41,96.4,100.7,6.75,0.16,,25,"hazy, warm, breezy, ripples",,23757,6222020220 11.04
"SUNAPEE, LAKE",SUNAPEE,220,22-Jun-20,10.027,12.6,10.48,98.5,100.7,6.82,0.13,,25,"hazy, warm, breezy, ripples",,23756,6222020220 10.027
"SUNAPEE, LAKE",SUNAPEE,220,22-Jun-20,9.048,13.5,10.6,101.9,101.2,6.87,0.11,,25,"hazy, warm, breezy, ripples",,23755,6222020220 9.048
"SUNAPEE, LAKE",SUNAPEE,220,22-Jun-20,8.008,15.5,10.15,101.8,101,6.91,0.12,,25,"hazy, warm, breezy, ripples",,23754,6222020220 8.008
"SUNAPEE, LAKE",SUNAPEE,220,22-Jun-20,7.086,17.4,9.82,102.4,101.1,6.93,0.07,,25,"hazy, warm, breezy, ripples",,23753,6222020220 7.086
"SUNAPEE, LAKE",SUNAPEE,220,22-Jun-20,6.064,18.6,9.75,104.3,101.6,6.91,0.07,,25,"hazy, warm, breezy, ripples",,23752,6222020220 6.064
"SUNAPEE, LAKE",SUNAPEE,220,22-Jun-20,5.02,19.4,9.7,105.4,101.7,6.88,0.05,,25,"hazy, warm, breezy, ripples",,23751,6222020220 5.02
"SUNAPEE, LAKE",SUNAPEE,220,22-Jun-20,4.069,20.1,9.63,106.3,101.9,6.85,0.01,,25,"hazy, warm, breezy, ripples",,23750,6222020220 4.069
"SUNAPEE, LAKE",SUNAPEE,220,22-Jun-20,2.985,22.4,8.92,102.8,102.4,6.77,-0.01,,25,"hazy, warm, breezy, ripples",,23749,6222020220 2.985
"SUNAPEE, LAKE",SUNAPEE,220,22-Jun-20,1.9,22.9,8.72,101.4,102.5,6.79,0.01,,25,"hazy, warm, breezy, ripples",,23748,6222020220 1.9
"SUNAPEE, LAKE",SUNAPEE,220,22-Jun-20,0.72,23,8.69,101.3,102.6,6.84,0.02,,25,"hazy, warm, breezy, ripples",,23747,6222020220 .72
"SUNAPEE, LAKE",SUNAPEE,220,22-Jun-20,0.447,23,8.67,101.2,102.6,6.92,0.01,,25,"hazy, warm, breezy, ripples",,23746,6222020220 .447
"SUNAPEE, LAKE",SUNAPEE,210,22-Jun-20,29.311,8.1,7.96,67.3,102.3,6.23,207.99,,29,"overcast, warm, breezy, ripple",,23745,6222020210 29.311
"SUNAPEE, LAKE",SUNAPEE,210,22-Jun-20,29.034,8.1,8.73,74,102,6.25,0.1,,29,"overcast, warm, breezy, ripple",,23744,6222020210 29.034
"SUNAPEE, LAKE",SUNAPEE,210,22-Jun-20,28.092,8.2,9.27,78.7,101.9,6.29,0.1,,29,"overcast, warm, breezy, ripple",,23743,6222020210 28.092
"SUNAPEE, LAKE",SUNAPEE,210,22-Jun-20,27.007,8.2,9.42,80,101.8,6.3,0.14,,29,"overcast, warm, breezy, ripple",,23742,6222020210 27.007
"SUNAPEE, LAKE",SUNAPEE,210,22-Jun-20,26.026,8.3,9.67,82.2,101.7,6.33,0.05,,29,"overcast, warm, breezy, ripple",,23741,6222020210 26.026
"SUNAPEE, LAKE",SUNAPEE,210,22-Jun-20,25.021,8.3,9.67,82.3,101.8,6.34,0.08,,29,"overcast, warm, breezy, ripple",,23740,6222020210 25.021
"SUNAPEE, LAKE",SUNAPEE,210,22-Jun-20,23.1,8.3,9.76,83.1,101.8,6.37,0.06,,29,"overcast, warm, breezy, ripple",,23739,6222020210 23.1
"SUNAPEE, LAKE",SUNAPEE,210,22-Jun-20,22.044,8.4,9.98,85.2,101.7,6.4,0.05,,29,"overcast, warm, breezy, ripple",,23738,6222020210 22.044
"SUNAPEE, LAKE",SUNAPEE,210,22-Jun-20,21.014,8.5,10.02,85.6,101.7,6.42,0.09,,29,"overcast, warm, breezy, ripple",,23737,6222020210 21.014
"SUNAPEE, LAKE",SUNAPEE,210,22-Jun-20,20.109,8.5,10.13,86.6,101.7,6.43,0.06,,29,"overcast, warm, breezy, ripple",,23736,6222020210 20.109
"SUNAPEE, LAKE",SUNAPEE,210,22-Jun-20,19.021,8.6,10.2,87.4,101.6,6.45,0.08,,29,"overcast, warm, breezy, ripple",,23735,6222020210 19.021
"SUNAPEE, LAKE",SUNAPEE,210,22-Jun-20,18.011,8.7,10.29,88.3,101.6,6.47,0.05,,29,"overcast, warm, breezy, ripple",,23734,6222020210 18.011
"SUNAPEE, LAKE",SUNAPEE,210,22-Jun-20,17.048,8.7,10.31,88.6,101.6,6.48,0.07,,29,"overcast, warm, breezy, ripple",,23733,6222020210 17.048
"SUNAPEE, LAKE",SUNAPEE,210,22-Jun-20,16.019,8.9,10.35,89.3,101.5,6.51,0.09,,29,"overcast, warm, breezy, ripple",,23732,6222020210 16.019
"SUNAPEE, LAKE",SUNAPEE,210,22-Jun-20,15.078,9,10.41,90.1,101.6,6.53,0.08,,29,"overcast, warm, breezy, ripple",,23731,6222020210 15.078
"SUNAPEE, LAKE",SUNAPEE,210,22-Jun-20,14.066,9.2,10.5,91.3,101.5,6.56,0.1,,29,"overcast, warm, breezy, ripple",,23730,6222020210 14.066
"SUNAPEE, LAKE",SUNAPEE,210,22-Jun-20,13.052,9.6,10.47,91.9,101.4,6.59,0.09,,29,"overcast, warm, breezy, ripple",,23729,6222020210 13.052
"SUNAPEE, LAKE",SUNAPEE,210,22-Jun-20,12.05,9.9,10.6,93.7,101.5,6.67,0.08,,29,"overcast, warm, breezy, ripple",,23728,6222020210 12.05
"SUNAPEE, LAKE",SUNAPEE,210,22-Jun-20,11.151,10.4,10.72,95.8,100.9,6.71,0.09,,29,"overcast, warm, breezy, ripple",,23727,6222020210 11.151
"SUNAPEE, LAKE",SUNAPEE,210,22-Jun-20,10.039,11.2,10.85,98.9,101.3,6.79,0.07,,29,"overcast, warm, breezy, ripple",,23726,6222020210 10.039
"SUNAPEE, LAKE",SUNAPEE,210,22-Jun-20,9.064,13,10.82,102.8,101.2,6.87,0.07,,29,"overcast, warm, breezy, ripple",,23725,6222020210 9.064
"SUNAPEE, LAKE",SUNAPEE,210,22-Jun-20,8.02,15.4,10.32,103.2,101.4,6.91,0.05,,29,"overcast, warm, breezy, ripple",,23724,6222020210 8.02
"SUNAPEE, LAKE",SUNAPEE,210,22-Jun-20,7.005,17.4,9.75,101.7,101.6,6.93,0.02,,29,"overcast, warm, breezy, ripple",,23723,6222020210 7.005
"SUNAPEE, LAKE",SUNAPEE,210,22-Jun-20,6.005,18.5,9.62,102.8,101.8,6.88,0,,29,"overcast, warm, breezy, ripple",,23722,6222020210 6.005
"SUNAPEE, LAKE",SUNAPEE,210,22-Jun-20,4.996,19.1,9.66,104.3,101.8,6.84,-0.01,,29,"overcast, warm, breezy, ripple",,23721,6222020210 4.996
"SUNAPEE, LAKE",SUNAPEE,210,22-Jun-20,3.969,20.3,9.47,104.7,102.1,6.74,0,,29,"overcast, warm, breezy, ripple",,23720,6222020210 3.969
"SUNAPEE, LAKE",SUNAPEE,210,22-Jun-20,2.975,23.4,8.59,100.9,102.9,6.65,-0.04,,29,"overcast, warm, breezy, ripple",,23719,6222020210 2.975
"SUNAPEE, LAKE",SUNAPEE,210,22-Jun-20,1.916,23.5,8.54,100.5,103,6.67,-0.05,,29,"overcast, warm, breezy, ripple",,23718,6222020210 1.916
"SUNAPEE, LAKE",SUNAPEE,210,22-Jun-20,0.965,23.5,8.51,100.1,103,6.72,0.06,,29,"overcast, warm, breezy, ripple",,23717,6222020210 .965
"SUNAPEE, LAKE",SUNAPEE,210,22-Jun-20,0.467,23.5,8.45,99.5,102.9,6.77,-0.05,,29,"overcast, warm, breezy, ripple",,23716,6222020210 .467
"SUNAPEE, LAKE",SUNAPEE,200,03-Jun-20,22.918,8.5,10.27,87.7,102.2,6.46,307.94,,23,"partly cloudy, warm, calm, rip",,23827,632020200 22.918
"SUNAPEE, LAKE",SUNAPEE,200,03-Jun-20,23.067,8.5,10.4,88.9,102.2,6.51,0.17,,23,"partly cloudy, warm, calm, rip",,23826,632020200 23.067
"SUNAPEE, LAKE",SUNAPEE,200,03-Jun-20,22.021,8.5,10.67,91.3,102.1,6.54,0.1,,23,"partly cloudy, warm, calm, rip",,23825,632020200 22.021
"SUNAPEE, LAKE",SUNAPEE,200,03-Jun-20,21.007,8.6,10.74,91.9,102.1,6.55,0.1,,23,"partly cloudy, warm, calm, rip",,23824,632020200 21.007
"SUNAPEE, LAKE",SUNAPEE,200,03-Jun-20,20.07,8.6,10.76,92.2,102.1,6.57,0.07,,23,"partly cloudy, warm, calm, rip",,23823,632020200 20.07
"SUNAPEE, LAKE",SUNAPEE,200,03-Jun-20,19.051,8.6,10.8,92.5,102.1,6.59,0.08,,23,"partly cloudy, warm, calm, rip",,23822,632020200 19.051
"SUNAPEE, LAKE",SUNAPEE,200,03-Jun-20,18.059,8.6,10.84,92.9,102.1,6.61,0.07,,23,"partly cloudy, warm, calm, rip",,23821,632020200 18.059
"SUNAPEE, LAKE",SUNAPEE,200,03-Jun-20,17.045,8.6,10.88,93.3,102.1,6.63,0.08,,23,"partly cloudy, warm, calm, rip",,23820,632020200 17.045
"SUNAPEE, LAKE",SUNAPEE,200,03-Jun-20,16.07,8.7,10.97,94.1,102.1,6.66,0.09,,23,"partly cloudy, warm, calm, rip",,23819,632020200 16.07
"SUNAPEE, LAKE",SUNAPEE,200,03-Jun-20,15.138,8.8,11.07,95.2,102,6.69,0.07,,23,"partly cloudy, warm, calm, rip",,23818,632020200 15.138
"SUNAPEE, LAKE",SUNAPEE,200,03-Jun-20,14.048,8.9,11.13,96,102,6.73,0.08,,23,"partly cloudy, warm, calm, rip",,23817,632020200 14.048
"SUNAPEE, LAKE",SUNAPEE,200,03-Jun-20,13.04,8.9,11.16,96.5,102,6.75,0.08,,23,"partly cloudy, warm, calm, rip",,23816,632020200 13.04
"SUNAPEE, LAKE",SUNAPEE,200,03-Jun-20,12.192,9.1,11.21,97.2,102,6.78,0.1,,23,"partly cloudy, warm, calm, rip",,23815,632020200 12.192
"SUNAPEE, LAKE",SUNAPEE,200,03-Jun-20,11.077,9.4,11.21,97.9,102.4,6.81,0.06,,23,"partly cloudy, warm, calm, rip",,23814,632020200 11.077
"SUNAPEE, LAKE",SUNAPEE,200,03-Jun-20,10.055,9.9,11.23,99.3,102.6,6.83,0.09,,23,"partly cloudy, warm, calm, rip",,23813,632020200 10.055
"SUNAPEE, LAKE",SUNAPEE,200,03-Jun-20,9.043,10.4,11.24,100.4,102.5,6.87,0.07,,23,"partly cloudy, warm, calm, rip",,23812,632020200 9.043
"SUNAPEE, LAKE",SUNAPEE,200,03-Jun-20,8.022,11,11.21,101.6,103,6.9,0.08,,23,"partly cloudy, warm, calm, rip",,23811,632020200 8.022
"SUNAPEE, LAKE",SUNAPEE,200,03-Jun-20,7.01,12.3,10.95,102.4,102.3,6.94,0.05,,23,"partly cloudy, warm, calm, rip",,23810,632020200 7.01
"SUNAPEE, LAKE",SUNAPEE,200,03-Jun-20,6.006,15.3,10.15,101.4,101.8,6.93,0.04,,23,"partly cloudy, warm, calm, rip",,23809,632020200 6.006
"SUNAPEE, LAKE",SUNAPEE,200,03-Jun-20,4.046,16.2,9.97,101.4,101.4,6.9,0.01,,23,"partly cloudy, warm, calm, rip",,23808,632020200 4.046
"SUNAPEE, LAKE",SUNAPEE,200,03-Jun-20,1.944,16.3,9.95,101.5,101.5,6.87,0.02,,23,"partly cloudy, warm, calm, rip",,23807,632020200 1.944
"SUNAPEE, LAKE",SUNAPEE,200,03-Jun-20,0.688,16.4,9.95,101.7,101.5,6.85,0.01,,23,"partly cloudy, warm, calm, rip",,23806,632020200 .688
"SUNAPEE, LAKE",SUNAPEE,200,03-Jun-20,0.318,16.5,9.94,101.8,101.5,6.82,0,,23,"partly cloudy, warm, calm, rip",,23805,632020200 .318
"SUNAPEE, LAKE",SUNAPEE,210,03-Jun-20,30.978,8,9.83,83,101.7,6.3,0.19,,31,"partly cloudy, warm, calm, rip",,23804,632020210 30.978
"SUNAPEE, LAKE",SUNAPEE,210,03-Jun-20,30.195,8.1,10.61,89.8,101.5,6.37,0.07,,31,"partly cloudy, warm, calm, rip",,23803,632020210 30.195
"SUNAPEE, LAKE",SUNAPEE,210,03-Jun-20,29.164,8.1,10.69,90.5,101.4,6.38,0.08,,31,"partly cloudy, warm, calm, rip",,23802,632020210 29.164
"SUNAPEE, LAKE",SUNAPEE,210,03-Jun-20,28.009,8.1,10.76,91.1,101.4,6.39,0.07,,31,"partly cloudy, warm, calm, rip",,23801,632020210 28.009
"SUNAPEE, LAKE",SUNAPEE,210,03-Jun-20,27.113,8.1,10.78,91.3,101.4,6.39,0.09,,31,"partly cloudy, warm, calm, rip",,23800,632020210 27.113
"SUNAPEE, LAKE",SUNAPEE,210,03-Jun-20,26.119,8.1,10.81,91.6,101.4,6.4,0.08,,31,"partly cloudy, warm, calm, rip",,23799,632020210 26.119
"SUNAPEE, LAKE",SUNAPEE,210,03-Jun-20,25.123,8.1,10.86,92,101.4,6.42,0.06,,31,"partly cloudy, warm, calm, rip",,23798,632020210 25.123
"SUNAPEE, LAKE",SUNAPEE,210,03-Jun-20,24.008,8.2,10.88,92.2,101.4,6.43,0.04,,31,"partly cloudy, warm, calm, rip",,23797,632020210 24.008
"SUNAPEE, LAKE",SUNAPEE,210,03-Jun-20,23.111,8.2,10.9,92.4,101.4,6.44,0.04,,31,"partly cloudy, warm, calm, rip",,23796,632020210 23.111
"SUNAPEE, LAKE",SUNAPEE,210,03-Jun-20,22.059,8.2,10.96,93,101.4,6.45,0.05,,31,"partly cloudy, warm, calm, rip",,23795,632020210 22.059
"SUNAPEE, LAKE",SUNAPEE,210,03-Jun-20,21.02,8.2,11.01,93.5,101.4,6.46,0.07,,31,"partly cloudy, warm, calm, rip",,23794,632020210 21.02
"SUNAPEE, LAKE",SUNAPEE,210,03-Jun-20,20.036,8.3,11.04,93.9,101.3,6.47,0.06,,31,"partly cloudy, warm, calm, rip",,23793,632020210 20.036
"SUNAPEE, LAKE",SUNAPEE,210,03-Jun-20,19.014,8.3,11.05,94,101.4,6.48,0.08,,31,"partly cloudy, warm, calm, rip",,23792,632020210 19.014
"SUNAPEE, LAKE",SUNAPEE,210,03-Jun-20,18.021,8.3,11.05,94.1,101.4,6.49,0.13,,31,"partly cloudy, warm, calm, rip",,23791,632020210 18.021
"SUNAPEE, LAKE",SUNAPEE,210,03-Jun-20,17.059,8.4,11.07,94.5,101.4,6.51,0.06,,31,"partly cloudy, warm, calm, rip",,23790,632020210 17.059
"SUNAPEE, LAKE",SUNAPEE,210,03-Jun-20,16.058,8.5,11.08,94.6,101.5,6.52,0.07,,31,"partly cloudy, warm, calm, rip",,23789,632020210 16.058
"SUNAPEE, LAKE",SUNAPEE,210,03-Jun-20,14.997,8.5,11.11,95.1,101.5,6.54,0.05,,31,"partly cloudy, warm, calm, rip",,23788,632020210 14.997
"SUNAPEE, LAKE",SUNAPEE,210,03-Jun-20,13.997,8.6,11.17,95.7,101.5,6.56,0.04,,31,"partly cloudy, warm, calm, rip",,23787,632020210 13.997
"SUNAPEE, LAKE",SUNAPEE,210,03-Jun-20,12.999,8.7,11.22,96.3,101.5,6.59,0.06,,31,"partly cloudy, warm, calm, rip",,23786,632020210 12.999
"SUNAPEE, LAKE",SUNAPEE,210,03-Jun-20,12.093,8.9,11.33,97.7,101.3,6.62,0.08,,31,"partly cloudy, warm, calm, rip",,23785,632020210 12.093
"SUNAPEE, LAKE",SUNAPEE,210,03-Jun-20,11.014,9.5,11.26,98.7,101.1,6.65,0.08,,31,"partly cloudy, warm, calm, rip",,23784,632020210 11.014
"SUNAPEE, LAKE",SUNAPEE,210,03-Jun-20,10,10.2,11.35,101,100.8,6.69,0.09,,31,"partly cloudy, warm, calm, rip",,23783,632020210 10
"SUNAPEE, LAKE",SUNAPEE,210,03-Jun-20,9.045,10.9,11.35,102.7,100.6,6.74,0.11,,31,"partly cloudy, warm, calm, rip",,23782,632020210 9.045
"SUNAPEE, LAKE",SUNAPEE,210,03-Jun-20,8.016,12.2,11.24,104.8,100.8,6.76,0.09,,31,"partly cloudy, warm, calm, rip",,23781,632020210 8.016
"SUNAPEE, LAKE",SUNAPEE,210,03-Jun-20,7.025,13.3,11.01,105.3,100.8,6.76,0.11,,31,"partly cloudy, warm, calm, rip",,23780,632020210 7.025
"SUNAPEE, LAKE",SUNAPEE,210,03-Jun-20,6.035,14.1,10.77,104.7,101.2,6.76,0.08,,31,"partly cloudy, warm, calm, rip",,23779,632020210 6.035
"SUNAPEE, LAKE",SUNAPEE,210,03-Jun-20,5.064,15,10.49,104.1,101,6.76,0.06,,31,"partly cloudy, warm, calm, rip",,23778,632020210 5.064
"SUNAPEE, LAKE",SUNAPEE,210,03-Jun-20,3.915,15.7,10.13,102,100.8,6.74,0.07,,31,"partly cloudy, warm, calm, rip",,23777,632020210 3.915
"SUNAPEE, LAKE",SUNAPEE,210,03-Jun-20,3.003,16.2,9.9,100.7,101.3,6.71,0.04,,31,"partly cloudy, warm, calm, rip",,23776,632020210 3.003
"SUNAPEE, LAKE",SUNAPEE,210,03-Jun-20,2.073,16.2,9.9,100.8,101.3,6.69,0.03,,31,"partly cloudy, warm, calm, rip",,23775,632020210 2.073
"SUNAPEE, LAKE",SUNAPEE,210,03-Jun-20,0.945,16.2,9.9,100.9,101.3,6.68,0.03,,31,"partly cloudy, warm, calm, rip",,23774,632020210 .945
"SUNAPEE, LAKE",SUNAPEE,210,03-Jun-20,0.479,16.2,9.9,100.8,101.3,6.65,0.01,,31,"partly cloudy, warm, calm, rip",,23773,632020210 .479
