LAKE,TOWN,STATION,DATE,DEPTH,TEMP,DO,PCNTSAT,TIME,BOTTOMZ,WEATHER,Comments,ID,Date_Sta_Dp
"SUNAPEE, LAKE",SUNAPEE,230,17-Sep-18,21,9,2.3,20.7,,,,,19676,9172018230 21
"SUNAPEE, LAKE",SUNAPEE,230,17-Sep-18,20,9,2.77,24.9,,,,,19675,9172018230 20
"SUNAPEE, LAKE",SUNAPEE,230,17-Sep-18,19,9.1,3.34,30.1,,,,,19674,9172018230 19
"SUNAPEE, LAKE",SUNAPEE,230,17-Sep-18,18,9.2,3.55,32.1,,,,,19673,9172018230 18
"SUNAPEE, LAKE",SUNAPEE,230,17-Sep-18,17,9.3,3.76,34.1,,,,,19672,9172018230 17
"SUNAPEE, LAKE",SUNAPEE,230,17-Sep-18,16,9.7,3.93,36,,,,,19671,9172018230 16
"SUNAPEE, LAKE",SUNAPEE,230,17-Sep-18,15,10.1,4.5,41.6,,,,,19670,9172018230 15
"SUNAPEE, LAKE",SUNAPEE,230,17-Sep-18,14,10.7,4.66,43.7,,,,,19669,9172018230 14
"SUNAPEE, LAKE",SUNAPEE,230,17-Sep-18,13,11.8,5.5,52.9,,,,,19668,9172018230 13
"SUNAPEE, LAKE",SUNAPEE,230,17-Sep-18,12,13.4,7.07,70.4,,,,,19667,9172018230 12
"SUNAPEE, LAKE",SUNAPEE,230,17-Sep-18,11,15.1,8.4,86.9,,,,,19666,9172018230 11
"SUNAPEE, LAKE",SUNAPEE,230,17-Sep-18,10,18.6,8.3,92.3,,,,,19665,9172018230 10
"SUNAPEE, LAKE",SUNAPEE,230,17-Sep-18,9,20.8,7.84,91.1,,,,,19664,9172018230 9
"SUNAPEE, LAKE",SUNAPEE,230,17-Sep-18,8,21.1,8.1,94.8,,,,,19663,9172018230 8
"SUNAPEE, LAKE",SUNAPEE,230,17-Sep-18,7,21.4,8.18,96.1,,,,,19662,9172018230 7
"SUNAPEE, LAKE",SUNAPEE,230,17-Sep-18,6,21.6,8.26,97.5,,,,,19661,9172018230 6
"SUNAPEE, LAKE",SUNAPEE,230,17-Sep-18,5,21.8,8.27,98.1,,,,,19660,9172018230 5
"SUNAPEE, LAKE",SUNAPEE,230,17-Sep-18,4,22.2,8.31,99.3,,,,,19659,9172018230 4
"SUNAPEE, LAKE",SUNAPEE,230,17-Sep-18,3,22.5,8.28,99.5,,,,,19658,9172018230 3
"SUNAPEE, LAKE",SUNAPEE,230,17-Sep-18,2,22.7,8.32,100.3,,,,,19657,9172018230 2
"SUNAPEE, LAKE",SUNAPEE,230,17-Sep-18,1,22.8,8.33,100.7,,,,,19656,9172018230 1
"SUNAPEE, LAKE",SUNAPEE,230,17-Sep-18,0.5,22.8,8.34,100.8,,,,,19655,9172018230 .5
"SUNAPEE, LAKE",SUNAPEE,220,17-Sep-18,23,6.6,1.5,12.7,,,,,19654,9172018220 23
"SUNAPEE, LAKE",SUNAPEE,220,17-Sep-18,22,6.7,2.66,22.7,,,,,19653,9172018220 22
"SUNAPEE, LAKE",SUNAPEE,220,17-Sep-18,21,6.9,3.91,33.5,,,,,19652,9172018220 21
"SUNAPEE, LAKE",SUNAPEE,220,17-Sep-18,20,7.1,4.4,37.8,,,,,19651,9172018220 20
"SUNAPEE, LAKE",SUNAPEE,220,17-Sep-18,19,7.3,4.93,42.5,,,,,19650,9172018220 19
"SUNAPEE, LAKE",SUNAPEE,220,17-Sep-18,18,7.7,5.94,51.7,,,,,19649,9172018220 18
"SUNAPEE, LAKE",SUNAPEE,220,17-Sep-18,17,8.3,6.43,56.9,,,,,19648,9172018220 17
"SUNAPEE, LAKE",SUNAPEE,220,17-Sep-18,16,8.9,6.36,57.1,,,,,19647,9172018220 16
"SUNAPEE, LAKE",SUNAPEE,220,17-Sep-18,15,9.8,6.65,61,,,,,19646,9172018220 15
"SUNAPEE, LAKE",SUNAPEE,220,17-Sep-18,14,10.8,6.52,61.2,,,,,19645,9172018220 14
"SUNAPEE, LAKE",SUNAPEE,220,17-Sep-18,13,12.2,6.6,64,,,,,19644,9172018220 13
"SUNAPEE, LAKE",SUNAPEE,220,17-Sep-18,12,14,7.11,71.8,,,,,19643,9172018220 12
"SUNAPEE, LAKE",SUNAPEE,220,17-Sep-18,11,15.2,6.9,71.3,,,,,19642,9172018220 11
"SUNAPEE, LAKE",SUNAPEE,220,17-Sep-18,10,18.2,8.23,90.6,,,,,19641,9172018220 10
"SUNAPEE, LAKE",SUNAPEE,220,17-Sep-18,9,20.4,8.13,93.8,,,,,19640,9172018220 9
"SUNAPEE, LAKE",SUNAPEE,220,17-Sep-18,8,21,8.1,94.4,,,,,19639,9172018220 8
"SUNAPEE, LAKE",SUNAPEE,220,17-Sep-18,7,21.4,8.23,96.7,,,,,19638,9172018220 7
"SUNAPEE, LAKE",SUNAPEE,220,17-Sep-18,6,21.6,8.24,97.3,,,,,19637,9172018220 6
"SUNAPEE, LAKE",SUNAPEE,220,17-Sep-18,5,21.9,8.25,98,,,,,19636,9172018220 5
"SUNAPEE, LAKE",SUNAPEE,220,17-Sep-18,1,22.9,8.35,101,,,,,19635,9172018220 1
"SUNAPEE, LAKE",SUNAPEE,220,17-Sep-18,4,22.3,8.24,98.4,,,,,19634,9172018220 4
"SUNAPEE, LAKE",SUNAPEE,220,17-Sep-18,3,22.8,8.24,99.3,,,,,19633,9172018220 3
"SUNAPEE, LAKE",SUNAPEE,220,17-Sep-18,2,22.9,8.27,100,,,,,19632,9172018220 2
"SUNAPEE, LAKE",SUNAPEE,220,17-Sep-18,0.5,23.4,8.3,101.2,,,,,19631,9172018220 .5
"SUNAPEE, LAKE",SUNAPEE,210,17-Sep-18,27,7.3,4.2,36.2,,,,,19630,9172018210 27
"SUNAPEE, LAKE",SUNAPEE,210,17-Sep-18,26,7.3,4.35,37.5,,,,,19629,9172018210 26
"SUNAPEE, LAKE",SUNAPEE,210,17-Sep-18,25,7.4,4.59,39.6,,,,,19628,9172018210 25
"SUNAPEE, LAKE",SUNAPEE,210,17-Sep-18,24,7.5,5.11,44.2,,,,,19627,9172018210 24
"SUNAPEE, LAKE",SUNAPEE,210,17-Sep-18,23,7.6,5.28,45.8,,,,,19626,9172018210 23
"SUNAPEE, LAKE",SUNAPEE,210,17-Sep-18,22,7.7,5.72,49.7,,,,,19625,9172018210 22
"SUNAPEE, LAKE",SUNAPEE,210,17-Sep-18,21,7.8,6.12,53.4,,,,,19624,9172018210 21
"SUNAPEE, LAKE",SUNAPEE,210,17-Sep-18,20,7.9,6.21,54.3,,,,,19623,9172018210 20
"SUNAPEE, LAKE",SUNAPEE,210,17-Sep-18,19,8,6.49,56.9,,,,,19622,9172018210 19
"SUNAPEE, LAKE",SUNAPEE,210,17-Sep-18,18,8.2,6.61,58.3,,,,,19621,9172018210 18
"SUNAPEE, LAKE",SUNAPEE,210,17-Sep-18,17,8.5,6.73,59.7,,,,,19620,9172018210 17
"SUNAPEE, LAKE",SUNAPEE,210,17-Sep-18,16,8.7,6.69,59.7,,,,,19619,9172018210 16
"SUNAPEE, LAKE",SUNAPEE,210,17-Sep-18,15,9.2,6.82,61.6,,,,,19618,9172018210 15
"SUNAPEE, LAKE",SUNAPEE,210,17-Sep-18,14,9.7,7.51,68.5,,,,,19617,9172018210 14
"SUNAPEE, LAKE",SUNAPEE,210,17-Sep-18,13,10.6,7.78,72.5,,,,,19616,9172018210 13
"SUNAPEE, LAKE",SUNAPEE,210,17-Sep-18,12,11.6,8.66,82.6,,,,,19615,9172018210 12
"SUNAPEE, LAKE",SUNAPEE,210,17-Sep-18,11,13,9.64,94.9,,,,,19614,9172018210 11
"SUNAPEE, LAKE",SUNAPEE,210,17-Sep-18,10,15.7,9.99,104.3,,,,,19613,9172018210 10
"SUNAPEE, LAKE",SUNAPEE,210,17-Sep-18,9,19.9,8.17,93.1,,,,,19509,9172018210 9
"SUNAPEE, LAKE",SUNAPEE,210,17-Sep-18,8,21.3,8.19,96,,,,,19508,9172018210 8
"SUNAPEE, LAKE",SUNAPEE,210,17-Sep-18,7,21.4,8.25,96.9,,,,,19507,9172018210 7
"SUNAPEE, LAKE",SUNAPEE,210,17-Sep-18,6,21.5,8.26,97.3,,,,,19506,9172018210 6
"SUNAPEE, LAKE",SUNAPEE,210,17-Sep-18,5,21.6,8.31,98.1,,,,,19505,9172018210 5
"SUNAPEE, LAKE",SUNAPEE,210,17-Sep-18,4,22,8.32,98.9,,,,,19504,9172018210 4
"SUNAPEE, LAKE",SUNAPEE,210,17-Sep-18,3,22.3,8.35,99.9,,,,,19503,9172018210 3
"SUNAPEE, LAKE",SUNAPEE,210,17-Sep-18,2,22.7,8.36,100.7,,,,,19502,9172018210 2
"SUNAPEE, LAKE",SUNAPEE,210,17-Sep-18,1,22.7,8.38,101,,,,,19501,9172018210 1
"SUNAPEE, LAKE",SUNAPEE,210,17-Sep-18,0.5,22.7,8.41,101.2,,,,,19500,9172018210 .5
"SUNAPEE, LAKE",SUNAPEE,200,17-Sep-18,16,9.4,3.68,33.3,,,,,19499,9172018200 16
"SUNAPEE, LAKE",SUNAPEE,200,17-Sep-18,15,9.4,5.49,49.6,,,,,19498,9172018200 15
"SUNAPEE, LAKE",SUNAPEE,200,17-Sep-18,14,9.9,5.84,53.5,,,,,19497,9172018200 14
"SUNAPEE, LAKE",SUNAPEE,200,17-Sep-18,13,10.6,6.4,59.5,,,,,19496,9172018200 13
"SUNAPEE, LAKE",SUNAPEE,200,17-Sep-18,12,11.7,7.68,73.3,,,,,19495,9172018200 12
"SUNAPEE, LAKE",SUNAPEE,200,17-Sep-18,11,12.9,8.9,87.3,,,,,19494,9172018200 11
"SUNAPEE, LAKE",SUNAPEE,200,17-Sep-18,10,13.6,8.84,88.1,,,,,19493,9172018200 10
"SUNAPEE, LAKE",SUNAPEE,200,17-Sep-18,9,20.8,8.12,94,,,,,19492,9172018200 9
"SUNAPEE, LAKE",SUNAPEE,200,17-Sep-18,8,21.3,8.18,95.6,,,,,19491,9172018200 8
"SUNAPEE, LAKE",SUNAPEE,200,17-Sep-18,7,21.4,8.22,96.4,,,,,19490,9172018200 7
"SUNAPEE, LAKE",SUNAPEE,200,17-Sep-18,6,21.5,8.29,97.4,,,,,19489,9172018200 6
"SUNAPEE, LAKE",SUNAPEE,200,17-Sep-18,5,21.7,8.25,97.4,,,,,19488,9172018200 5
"SUNAPEE, LAKE",SUNAPEE,200,17-Sep-18,4,22,8.35,99,,,,,19487,9172018200 4
"SUNAPEE, LAKE",SUNAPEE,200,17-Sep-18,3,22.1,8.32,98.8,,,,,19486,9172018200 3
"SUNAPEE, LAKE",SUNAPEE,200,17-Sep-18,2,22.1,8.33,99.1,,,,,19485,9172018200 2
"SUNAPEE, LAKE",SUNAPEE,200,17-Sep-18,1,22.2,8.34,99.2,,,,,19484,9172018200 1
"SUNAPEE, LAKE",SUNAPEE,200,17-Sep-18,0.5,22.1,8.37,99.4,,,,,19483,9172018200 .5
"SUNAPEE, LAKE",SUNAPEE,230,13-Aug-18,14,10.4,6.67,61.7,,,,,19612,8132018230 14
"SUNAPEE, LAKE",SUNAPEE,230,13-Aug-18,13,11.2,7.03,66.4,,,,,19611,8132018230 13
"SUNAPEE, LAKE",SUNAPEE,230,13-Aug-18,12,12.2,7.39,71.4,,,,,19610,8132018230 12
"SUNAPEE, LAKE",SUNAPEE,230,13-Aug-18,11,13.3,8.07,80,,,,,19609,8132018230 11
"SUNAPEE, LAKE",SUNAPEE,230,13-Aug-18,10,15,8.86,91.1,,,,,19608,8132018230 10
"SUNAPEE, LAKE",SUNAPEE,230,13-Aug-18,9,17.9,9.21,100.7,,,,,19607,8132018230 9
"SUNAPEE, LAKE",SUNAPEE,230,13-Aug-18,8,21.6,8.42,99.1,,,,,19606,8132018230 8
"SUNAPEE, LAKE",SUNAPEE,230,13-Aug-18,7,23.8,7.8,95.7,,,,,19605,8132018230 7
"SUNAPEE, LAKE",SUNAPEE,230,13-Aug-18,6,23.9,7.78,95.6,,,,,19604,8132018230 6
"SUNAPEE, LAKE",SUNAPEE,230,13-Aug-18,5,24.2,7.84,96.9,,,,,19603,8132018230 5
"SUNAPEE, LAKE",SUNAPEE,230,13-Aug-18,4,24.1,7.87,97.1,,,,,19602,8132018230 4
"SUNAPEE, LAKE",SUNAPEE,230,13-Aug-18,3,24.1,7.89,97.3,,,,,19601,8132018230 3
"SUNAPEE, LAKE",SUNAPEE,230,13-Aug-18,2,24,7.92,97.6,,,,,19600,8132018230 2
"SUNAPEE, LAKE",SUNAPEE,230,13-Aug-18,1,23.9,7.97,97.9,,,,,19599,8132018230 1
"SUNAPEE, LAKE",SUNAPEE,230,13-Aug-18,0.5,23.7,8.03,98.3,,,,,19598,8132018230 .5
"SUNAPEE, LAKE",SUNAPEE,220,13-Aug-18,25,6.4,1.95,16.4,,,,,19597,8132018220 25
"SUNAPEE, LAKE",SUNAPEE,220,13-Aug-18,24,6.5,3.19,26.9,,,,,19596,8132018220 24
"SUNAPEE, LAKE",SUNAPEE,220,13-Aug-18,23,6.6,4.46,37.6,,,,,19595,8132018220 23
"SUNAPEE, LAKE",SUNAPEE,220,13-Aug-18,22,6.7,5.49,46.5,,,,,19594,8132018220 22
"SUNAPEE, LAKE",SUNAPEE,220,13-Aug-18,21,6.9,5.99,50.9,,,,,19593,8132018220 21
"SUNAPEE, LAKE",SUNAPEE,220,13-Aug-18,20,7,5.98,51,,,,,19592,8132018220 20
"SUNAPEE, LAKE",SUNAPEE,220,13-Aug-18,19,7.2,6.53,56,,,,,19591,8132018220 19
"SUNAPEE, LAKE",SUNAPEE,220,13-Aug-18,18,7.5,6.74,58.1,,,,,19590,8132018220 18
"SUNAPEE, LAKE",SUNAPEE,220,13-Aug-18,17,7.9,7.11,62.1,,,,,19589,8132018220 17
"SUNAPEE, LAKE",SUNAPEE,220,13-Aug-18,16,8.7,7.32,65.1,,,,,19588,8132018220 16
"SUNAPEE, LAKE",SUNAPEE,220,13-Aug-18,15,9.6,7.62,69.1,,,,,19587,8132018220 15
"SUNAPEE, LAKE",SUNAPEE,220,13-Aug-18,14,11,8.07,75.9,,,,,19586,8132018220 14
"SUNAPEE, LAKE",SUNAPEE,220,13-Aug-18,13,12,8.04,77.3,,,,,19585,8132018220 13
"SUNAPEE, LAKE",SUNAPEE,220,13-Aug-18,12,12.9,8.15,79.9,,,,,19584,8132018220 12
"SUNAPEE, LAKE",SUNAPEE,220,13-Aug-18,11,14,8.71,87.5,,,,,19583,8132018220 11
"SUNAPEE, LAKE",SUNAPEE,220,13-Aug-18,10,15.5,9.02,93.5,,,,,19582,8132018220 10
"SUNAPEE, LAKE",SUNAPEE,220,13-Aug-18,9,17.3,9.24,99.5,,,,,19581,8132018220 9
"SUNAPEE, LAKE",SUNAPEE,220,13-Aug-18,8,20.7,8.88,102.4,,,,,19580,8132018220 8
"SUNAPEE, LAKE",SUNAPEE,220,13-Aug-18,7,23.9,7.91,97.2,,,,,19579,8132018220 7
"SUNAPEE, LAKE",SUNAPEE,220,13-Aug-18,6,24.3,7.79,96.4,,,,,19578,8132018220 6
"SUNAPEE, LAKE",SUNAPEE,220,13-Aug-18,5,24.3,7.81,96.7,,,,,19577,8132018220 5
"SUNAPEE, LAKE",SUNAPEE,220,13-Aug-18,4,24.3,7.85,97.2,,,,,19576,8132018220 4
"SUNAPEE, LAKE",SUNAPEE,220,13-Aug-18,3,24.3,7.91,97.8,,,,,19575,8132018220 3
"SUNAPEE, LAKE",SUNAPEE,220,13-Aug-18,2,24.2,7.94,98.1,,,,,19574,8132018220 2
"SUNAPEE, LAKE",SUNAPEE,220,13-Aug-18,1,24.1,7.99,98.5,,,,,19573,8132018220 1
"SUNAPEE, LAKE",SUNAPEE,220,13-Aug-18,0.5,23.8,8.08,99.1,,,,,19572,8132018220 .5
"SUNAPEE, LAKE",SUNAPEE,200,13-Aug-18,21,8.3,5.77,50.9,,,,,19571,8132018200 21
"SUNAPEE, LAKE",SUNAPEE,200,13-Aug-18,20,8.4,6.22,55,,,,,19570,8132018200 20
"SUNAPEE, LAKE",SUNAPEE,200,13-Aug-18,19,8.4,6.52,57.6,,,,,19569,8132018200 19
"SUNAPEE, LAKE",SUNAPEE,200,13-Aug-18,18,8.5,6.76,59.8,,,,,19568,8132018200 18
"SUNAPEE, LAKE",SUNAPEE,200,13-Aug-18,17,8.6,6.76,60,,,,,19567,8132018200 17
"SUNAPEE, LAKE",SUNAPEE,200,13-Aug-18,16,8.8,6.9,61.4,,,,,19566,8132018200 16
"SUNAPEE, LAKE",SUNAPEE,200,13-Aug-18,15,9,7.18,64.3,,,,,19565,8132018200 15
"SUNAPEE, LAKE",SUNAPEE,200,13-Aug-18,14,9.5,7.5,68,,,,,19564,8132018200 14
"SUNAPEE, LAKE",SUNAPEE,200,13-Aug-18,13,10,7.68,70.5,,,,,19563,8132018200 13
"SUNAPEE, LAKE",SUNAPEE,200,13-Aug-18,12,10.8,8.51,79.5,,,,,19562,8132018200 12
"SUNAPEE, LAKE",SUNAPEE,200,13-Aug-18,11,12.3,9.22,89.3,,,,,19561,8132018200 11
"SUNAPEE, LAKE",SUNAPEE,200,13-Aug-18,10,14.1,10.15,102.2,,,,,19560,8132018200 10
"SUNAPEE, LAKE",SUNAPEE,200,13-Aug-18,9,17.3,9.95,107.3,,,,,19559,8132018200 9
"SUNAPEE, LAKE",SUNAPEE,200,13-Aug-18,8,21,9.1,105.8,,,,,19558,8132018200 8
"SUNAPEE, LAKE",SUNAPEE,200,13-Aug-18,7,23.2,8.25,100,,,,,19557,8132018200 7
"SUNAPEE, LAKE",SUNAPEE,200,13-Aug-18,6,24.3,7.85,97.2,,,,,19556,8132018200 6
"SUNAPEE, LAKE",SUNAPEE,200,13-Aug-18,5,24.3,7.87,97.4,,,,,19555,8132018200 5
"SUNAPEE, LAKE",SUNAPEE,200,13-Aug-18,4,24.2,7.89,97.6,,,,,19554,8132018200 4
"SUNAPEE, LAKE",SUNAPEE,200,13-Aug-18,3,24.2,7.93,98,,,,,19553,8132018200 3
"SUNAPEE, LAKE",SUNAPEE,200,13-Aug-18,2,24.1,7.96,98.2,,,,,19552,8132018200 2
"SUNAPEE, LAKE",SUNAPEE,200,13-Aug-18,1,24.1,7.99,98.5,,,,,19551,8132018200 1
"SUNAPEE, LAKE",SUNAPEE,200,13-Aug-18,0.5,24,8.03,98.7,,,,,19550,8132018200 .5
"SUNAPEE, LAKE",SUNAPEE,210,13-Aug-18,30,7.1,5.48,46.9,,,,,19482,8132018210 30
"SUNAPEE, LAKE",SUNAPEE,210,13-Aug-18,29,7.2,5.79,49.6,,,,,19481,8132018210 29
"SUNAPEE, LAKE",SUNAPEE,210,13-Aug-18,28,7.2,5.97,51.2,,,,,19480,8132018210 28
"SUNAPEE, LAKE",SUNAPEE,210,13-Aug-18,27,7.2,6.56,56.3,,,,,19479,8132018210 27
"SUNAPEE, LAKE",SUNAPEE,210,13-Aug-18,26,7.3,6.92,59.5,,,,,19478,8132018210 26
"SUNAPEE, LAKE",SUNAPEE,210,13-Aug-18,25,7.3,6.93,59.6,,,,,19477,8132018210 25
"SUNAPEE, LAKE",SUNAPEE,210,13-Aug-18,24,7.4,6.87,59.2,,,,,19476,8132018210 24
"SUNAPEE, LAKE",SUNAPEE,210,13-Aug-18,23,7.4,6.94,59.8,,,,,19475,8132018210 23
"SUNAPEE, LAKE",SUNAPEE,210,13-Aug-18,22,7.5,7.07,61.1,,,,,19474,8132018210 22
"SUNAPEE, LAKE",SUNAPEE,210,13-Aug-18,21,7.6,7.31,63.3,,,,,19473,8132018210 21
"SUNAPEE, LAKE",SUNAPEE,210,13-Aug-18,20,7.8,7.68,66.8,,,,,19472,8132018210 20
"SUNAPEE, LAKE",SUNAPEE,210,13-Aug-18,19,7.9,7.84,68.5,,,,,19471,8132018210 19
"SUNAPEE, LAKE",SUNAPEE,210,13-Aug-18,18,8.2,7.86,69,,,,,19470,8132018210 18
"SUNAPEE, LAKE",SUNAPEE,210,13-Aug-18,17,8.2,7.79,68.5,,,,,19469,8132018210 17
"SUNAPEE, LAKE",SUNAPEE,210,13-Aug-18,16,8.5,8.16,72.2,,,,,19468,8132018210 16
"SUNAPEE, LAKE",SUNAPEE,210,13-Aug-18,15,9,8.63,77.3,,,,,19467,8132018210 15
"SUNAPEE, LAKE",SUNAPEE,210,13-Aug-18,14,9.5,8.64,78.3,,,,,19466,8132018210 14
"SUNAPEE, LAKE",SUNAPEE,210,13-Aug-18,13,10,8.71,79.9,,,,,19465,8132018210 13
"SUNAPEE, LAKE",SUNAPEE,210,13-Aug-18,12,10.9,9.22,86.4,,,,,19464,8132018210 12
"SUNAPEE, LAKE",SUNAPEE,210,13-Aug-18,11,12.6,9.69,94.4,,,,,19463,8132018210 11
"SUNAPEE, LAKE",SUNAPEE,210,13-Aug-18,10,14.4,10,101.2,,,,,19462,8132018210 10
"SUNAPEE, LAKE",SUNAPEE,210,13-Aug-18,9,16.6,9.74,103.6,,,,,19461,8132018210 9
"SUNAPEE, LAKE",SUNAPEE,210,13-Aug-18,8,20.4,9.32,106.9,,,,,19460,8132018210 8
"SUNAPEE, LAKE",SUNAPEE,210,13-Aug-18,7,24.2,7.91,97.6,,,,,19459,8132018210 7
"SUNAPEE, LAKE",SUNAPEE,210,13-Aug-18,6,24.1,7.93,97.8,,,,,19458,8132018210 6
"SUNAPEE, LAKE",SUNAPEE,210,13-Aug-18,5,24.1,7.95,98,,,,,19457,8132018210 5
"SUNAPEE, LAKE",SUNAPEE,210,13-Aug-18,4,24.1,7.99,98.4,,,,,19456,8132018210 4
"SUNAPEE, LAKE",SUNAPEE,210,13-Aug-18,3,24,8.02,98.6,,,,,19455,8132018210 3
"SUNAPEE, LAKE",SUNAPEE,210,13-Aug-18,2,24,8.04,98.9,,,,,19454,8132018210 2
"SUNAPEE, LAKE",SUNAPEE,210,13-Aug-18,1,23.8,8.09,99.2,,,,,19453,8132018210 1
"SUNAPEE, LAKE",SUNAPEE,210,13-Aug-18,0.5,23.7,8.14,99.5,,,,,19452,8132018210 .5
"SUNAPEE, LAKE",SUNAPEE,230,13-Aug-18,23,8.8,3.95,35.2,,,,,19451,8132018230 23
"SUNAPEE, LAKE",SUNAPEE,230,13-Aug-18,22,8.8,4.11,36.7,,,,,19450,8132018230 22
"SUNAPEE, LAKE",SUNAPEE,230,13-Aug-18,21,8.8,4.63,41.3,,,,,19449,8132018230 21
"SUNAPEE, LAKE",SUNAPEE,230,13-Aug-18,20,8.9,4.95,44.2,,,,,19448,8132018230 20
"SUNAPEE, LAKE",SUNAPEE,230,13-Aug-18,19,9,5.24,46.9,,,,,19447,8132018230 19
"SUNAPEE, LAKE",SUNAPEE,230,13-Aug-18,18,9,5.33,47.8,,,,,19446,8132018230 18
"SUNAPEE, LAKE",SUNAPEE,230,13-Aug-18,17,9.2,5.56,50.1,,,,,19445,8132018230 17
"SUNAPEE, LAKE",SUNAPEE,230,13-Aug-18,16,9.4,5.8,52.5,,,,,19444,8132018230 16
"SUNAPEE, LAKE",SUNAPEE,230,13-Aug-18,15,9.9,6.23,57,,,,,19443,8132018230 15
"SUNAPEE, LAKE",SUNAPEE,230,24-Jul-18,17,9.4,7.12,64.3,,,,,19549,7242018230 17
"SUNAPEE, LAKE",SUNAPEE,230,24-Jul-18,16,9.5,7.2,65.2,,,,,19548,7242018230 16
"SUNAPEE, LAKE",SUNAPEE,230,24-Jul-18,15,9.7,7.35,66.9,,,,,19547,7242018230 15
"SUNAPEE, LAKE",SUNAPEE,230,24-Jul-18,14,10.4,7.88,72.9,,,,,19546,7242018230 14
"SUNAPEE, LAKE",SUNAPEE,230,24-Jul-18,13,11.1,8.23,77.4,,,,,19545,7242018230 13
"SUNAPEE, LAKE",SUNAPEE,230,24-Jul-18,12,12.3,8.75,84.4,,,,,19544,7242018230 12
"SUNAPEE, LAKE",SUNAPEE,230,24-Jul-18,11,13.2,9,88.7,,,,,19543,7242018230 11
"SUNAPEE, LAKE",SUNAPEE,230,24-Jul-18,10,14.2,9.21,92.7,,,,,19542,7242018230 10
"SUNAPEE, LAKE",SUNAPEE,230,24-Jul-18,9,15.7,9.58,99.7,,,,,19541,7242018230 9
"SUNAPEE, LAKE",SUNAPEE,230,24-Jul-18,8,17.3,9.79,105.3,,,,,19540,7242018230 8
"SUNAPEE, LAKE",SUNAPEE,230,24-Jul-18,7,20,9.35,106.3,,,,,19539,7242018230 7
"SUNAPEE, LAKE",SUNAPEE,230,24-Jul-18,6,22.5,8.44,100.9,,,,,19538,7242018230 6
"SUNAPEE, LAKE",SUNAPEE,230,24-Jul-18,5,22.9,8.39,101.1,,,,,19537,7242018230 5
"SUNAPEE, LAKE",SUNAPEE,230,24-Jul-18,4,23.1,8.4,101.5,,,,,19536,7242018230 4
"SUNAPEE, LAKE",SUNAPEE,230,24-Jul-18,3,23.1,8.41,101.6,,,,,19535,7242018230 3
"SUNAPEE, LAKE",SUNAPEE,230,24-Jul-18,2,23.3,8.41,101.9,,,,,19534,7242018230 2
"SUNAPEE, LAKE",SUNAPEE,230,24-Jul-18,1,23.5,8.35,101.7,,,,,19533,7242018230 1
"SUNAPEE, LAKE",SUNAPEE,230,24-Jul-18,0.5,23.8,8.28,101.3,,,,,19532,7242018230 .5
"SUNAPEE, LAKE",SUNAPEE,220,24-Jul-18,25,6.4,3.39,28.4,,,,,19531,7242018220 25
"SUNAPEE, LAKE",SUNAPEE,220,24-Jul-18,24,6.5,4.69,39.4,,,,,19530,7242018220 24
"SUNAPEE, LAKE",SUNAPEE,220,24-Jul-18,23,6.5,5.47,46,,,,,19529,7242018220 23
"SUNAPEE, LAKE",SUNAPEE,220,24-Jul-18,22,6.7,6.46,54.4,,,,,19528,7242018220 22
"SUNAPEE, LAKE",SUNAPEE,220,24-Jul-18,21,6.8,6.57,55.5,,,,,19527,7242018220 21
"SUNAPEE, LAKE",SUNAPEE,220,24-Jul-18,20,7,7.11,60.4,,,,,19526,7242018220 20
"SUNAPEE, LAKE",SUNAPEE,220,24-Jul-18,19,7.2,7.72,65.9,,,,,19525,7242018220 19
"SUNAPEE, LAKE",SUNAPEE,220,24-Jul-18,18,7.4,7.92,68.1,,,,,19524,7242018220 18
"SUNAPEE, LAKE",SUNAPEE,220,24-Jul-18,17,7.9,8.24,71.7,,,,,19523,7242018220 17
"SUNAPEE, LAKE",SUNAPEE,220,24-Jul-18,16,8.8,8.79,78.1,,,,,19522,7242018220 16
"SUNAPEE, LAKE",SUNAPEE,220,24-Jul-18,15,9.5,8.78,79.4,,,,,19521,7242018220 15
"SUNAPEE, LAKE",SUNAPEE,220,24-Jul-18,14,10.5,8.9,82.4,,,,,19520,7242018220 14
"SUNAPEE, LAKE",SUNAPEE,220,24-Jul-18,13,11.5,9.11,86.2,,,,,19519,7242018220 13
"SUNAPEE, LAKE",SUNAPEE,220,24-Jul-18,12,12.5,9.07,87.8,,,,,19518,7242018220 12
"SUNAPEE, LAKE",SUNAPEE,220,24-Jul-18,11,13.1,9.18,90,,,,,19517,7242018220 11
"SUNAPEE, LAKE",SUNAPEE,220,24-Jul-18,10,14.2,9.43,94.8,,,,,19516,7242018220 10
"SUNAPEE, LAKE",SUNAPEE,220,24-Jul-18,9,15.6,9.75,101.1,,,,,19515,7242018220 9
"SUNAPEE, LAKE",SUNAPEE,220,24-Jul-18,8,17.2,9.84,105.4,,,,,19514,7242018220 8
"SUNAPEE, LAKE",SUNAPEE,220,24-Jul-18,7,21.3,9.17,106.8,,,,,19513,7242018220 7
"SUNAPEE, LAKE",SUNAPEE,220,24-Jul-18,6,23.1,8.39,101.2,,,,,19512,7242018220 6
"SUNAPEE, LAKE",SUNAPEE,220,24-Jul-18,5,23.2,8.37,101.1,,,,,19511,7242018220 5
"SUNAPEE, LAKE",SUNAPEE,220,24-Jul-18,4,23.4,8.34,101,,,,,19510,7242018220 4
"SUNAPEE, LAKE",SUNAPEE,220,24-Jul-18,3,23.4,8.34,101.2,,,,,19442,7242018220 3
"SUNAPEE, LAKE",SUNAPEE,220,24-Jul-18,2,23.4,8.35,101.3,,,,,19441,7242018220 2
"SUNAPEE, LAKE",SUNAPEE,220,24-Jul-18,1,23.4,8.38,101.5,,,,,19440,7242018220 1
"SUNAPEE, LAKE",SUNAPEE,220,24-Jul-18,0.5,23.3,8.41,101.8,,,,,19439,7242018220 .5
"SUNAPEE, LAKE",SUNAPEE,210,24-Jul-18,28,7.1,6.71,57.2,,,,,19438,7242018210 28
"SUNAPEE, LAKE",SUNAPEE,210,24-Jul-18,27,7.1,7.39,63.1,,,,,19437,7242018210 27
"SUNAPEE, LAKE",SUNAPEE,210,24-Jul-18,26,7.2,7.72,66,,,,,19436,7242018210 26
"SUNAPEE, LAKE",SUNAPEE,210,24-Jul-18,25,7.3,7.96,68.1,,,,,19435,7242018210 25
"SUNAPEE, LAKE",SUNAPEE,210,24-Jul-18,24,7.3,7.96,68.1,,,,,19434,7242018210 24
"SUNAPEE, LAKE",SUNAPEE,210,24-Jul-18,23,7.4,8.22,70.5,,,,,19433,7242018210 23
"SUNAPEE, LAKE",SUNAPEE,210,24-Jul-18,22,7.4,8.66,74.5,,,,,19432,7242018210 22
"SUNAPEE, LAKE",SUNAPEE,210,24-Jul-18,21,7.5,8.69,74.9,,,,,19431,7242018210 21
"SUNAPEE, LAKE",SUNAPEE,210,24-Jul-18,20,7.6,8.63,74.5,,,,,19430,7242018210 20
"SUNAPEE, LAKE",SUNAPEE,210,24-Jul-18,19,7.8,8.86,76.8,,,,,19429,7242018210 19
"SUNAPEE, LAKE",SUNAPEE,210,24-Jul-18,18,7.9,8.91,77.6,,,,,19428,7242018210 18
"SUNAPEE, LAKE",SUNAPEE,210,24-Jul-18,17,8.1,8.78,76.7,,,,,19427,7242018210 17
"SUNAPEE, LAKE",SUNAPEE,210,24-Jul-18,16,8.3,9.22,81,,,,,19426,7242018210 16
"SUNAPEE, LAKE",SUNAPEE,210,24-Jul-18,15,8.7,9.25,81.9,,,,,19425,7242018210 15
"SUNAPEE, LAKE",SUNAPEE,210,24-Jul-18,14,9,9.42,84.1,,,,,19424,7242018210 14
"SUNAPEE, LAKE",SUNAPEE,210,24-Jul-18,13,9.6,9.52,86.2,,,,,19423,7242018210 13
"SUNAPEE, LAKE",SUNAPEE,210,24-Jul-18,12,10.2,9.7,89.2,,,,,19422,7242018210 12
"SUNAPEE, LAKE",SUNAPEE,210,24-Jul-18,11,11.3,9.77,92.2,,,,,19421,7242018210 11
"SUNAPEE, LAKE",SUNAPEE,210,24-Jul-18,10,13.7,10.12,100.7,,,,,19420,7242018210 10
"SUNAPEE, LAKE",SUNAPEE,210,24-Jul-18,9,15.2,10.14,104.3,,,,,19419,7242018210 9
"SUNAPEE, LAKE",SUNAPEE,210,24-Jul-18,8,19.4,9.71,108.9,,,,,19418,7242018210 8
"SUNAPEE, LAKE",SUNAPEE,210,24-Jul-18,7,22.2,9.19,109,,,,,19417,7242018210 7
"SUNAPEE, LAKE",SUNAPEE,210,24-Jul-18,6,23.5,8.26,100.5,,,,,19416,7242018210 6
"SUNAPEE, LAKE",SUNAPEE,210,24-Jul-18,5,23.5,8.28,100.8,,,,,19415,7242018210 5
"SUNAPEE, LAKE",SUNAPEE,210,24-Jul-18,4,23.6,8.3,101,,,,,19414,7242018210 4
"SUNAPEE, LAKE",SUNAPEE,210,24-Jul-18,3,23.5,8.31,101.1,,,,,19413,7242018210 3
"SUNAPEE, LAKE",SUNAPEE,210,24-Jul-18,2,23.5,8.34,101.5,,,,,19412,7242018210 2
"SUNAPEE, LAKE",SUNAPEE,210,24-Jul-18,1,23.5,8.36,101.6,,,,,19411,7242018210 1
"SUNAPEE, LAKE",SUNAPEE,210,24-Jul-18,0.5,23.4,8.41,101.9,,,,,19410,7242018210 .5
"SUNAPEE, LAKE",SUNAPEE,200,24-Jul-18,19,8.3,7.84,68.8,,,,,19409,7242018200 19
"SUNAPEE, LAKE",SUNAPEE,200,24-Jul-18,18,8.3,7.88,69.2,,,,,19408,7242018200 18
"SUNAPEE, LAKE",SUNAPEE,200,24-Jul-18,17,8.4,8.02,70.5,,,,,19407,7242018200 17
"SUNAPEE, LAKE",SUNAPEE,200,24-Jul-18,16,8.5,8.13,71.7,,,,,19406,7242018200 16
"SUNAPEE, LAKE",SUNAPEE,200,24-Jul-18,15,8.6,8.23,72.8,,,,,19405,7242018200 15
"SUNAPEE, LAKE",SUNAPEE,200,24-Jul-18,14,8.8,8.7,77.4,,,,,19404,7242018200 14
"SUNAPEE, LAKE",SUNAPEE,200,24-Jul-18,13,9.1,8.82,79,,,,,19403,7242018200 13
"SUNAPEE, LAKE",SUNAPEE,200,24-Jul-18,12,9.8,8.91,81.2,,,,,19402,7242018200 12
"SUNAPEE, LAKE",SUNAPEE,200,24-Jul-18,11,11,9.4,88,,,,,19401,7242018200 11
"SUNAPEE, LAKE",SUNAPEE,200,24-Jul-18,10,13.1,10.02,98.3,,,,,19400,7242018200 10
"SUNAPEE, LAKE",SUNAPEE,200,24-Jul-18,9,15.2,10.3,106,,,,,19399,7242018200 9
"SUNAPEE, LAKE",SUNAPEE,200,24-Jul-18,8,19,9.76,108.7,,,,,19398,7242018200 8
"SUNAPEE, LAKE",SUNAPEE,200,24-Jul-18,7,23.6,8.24,100.3,,,,,19397,7242018200 7
"SUNAPEE, LAKE",SUNAPEE,200,24-Jul-18,6,23.6,8.26,100.4,,,,,19396,7242018200 6
"SUNAPEE, LAKE",SUNAPEE,200,24-Jul-18,5,23.6,8.27,100.7,,,,,19395,7242018200 5
"SUNAPEE, LAKE",SUNAPEE,200,24-Jul-18,4,23.6,8.28,100.9,,,,,19394,7242018200 4
"SUNAPEE, LAKE",SUNAPEE,200,24-Jul-18,3,23.6,8.3,101,,,,,19393,7242018200 3
"SUNAPEE, LAKE",SUNAPEE,200,24-Jul-18,2,23.6,8.31,101.2,,,,,19392,7242018200 2
"SUNAPEE, LAKE",SUNAPEE,200,24-Jul-18,1,23.6,8.33,101.4,,,,,19391,7242018200 1
"SUNAPEE, LAKE",SUNAPEE,200,24-Jul-18,0.5,23.5,8.37,101.7,,,,,19390,7242018200 .5
"SUNAPEE, LAKE",SUNAPEE,210,18-Jun-18,2,20.2,8.93,103.2,,,,,19315,6182018210 2
"SUNAPEE, LAKE",SUNAPEE,210,18-Jun-18,1,20.3,8.92,103.4,,,,,19314,6182018210 1
"SUNAPEE, LAKE",SUNAPEE,210,18-Jun-18,0.5,20.6,8.84,103.1,,,,,19313,6182018210 .5
"SUNAPEE, LAKE",SUNAPEE,200,18-Jun-18,16,7.9,9.17,80.9,,,,,19312,6182018200 16
"SUNAPEE, LAKE",SUNAPEE,200,18-Jun-18,15,8.1,9.45,83.7,,,,,19311,6182018200 15
"SUNAPEE, LAKE",SUNAPEE,200,18-Jun-18,14,8.2,9.47,84.2,,,,,19310,6182018200 14
"SUNAPEE, LAKE",SUNAPEE,200,18-Jun-18,13,8.5,9.5,85.1,,,,,19309,6182018200 13
"SUNAPEE, LAKE",SUNAPEE,200,18-Jun-18,12,8.8,9.55,86.1,,,,,19308,6182018200 12
"SUNAPEE, LAKE",SUNAPEE,200,18-Jun-18,11,9.1,9.72,88.2,,,,,19307,6182018200 11
"SUNAPEE, LAKE",SUNAPEE,200,18-Jun-18,10,9.9,10,92.5,,,,,19306,6182018200 10
"SUNAPEE, LAKE",SUNAPEE,200,18-Jun-18,9,11.8,10.3,99.6,,,,,19305,6182018200 9
"SUNAPEE, LAKE",SUNAPEE,200,18-Jun-18,8,13.7,10.16,102.6,,,,,19304,6182018200 8
"SUNAPEE, LAKE",SUNAPEE,200,18-Jun-18,7,18.3,9.14,101.7,,,,,19303,6182018200 7
"SUNAPEE, LAKE",SUNAPEE,200,18-Jun-18,6,19.2,8.93,101.1,,,,,19302,6182018200 6
"SUNAPEE, LAKE",SUNAPEE,200,18-Jun-18,5,19.6,8.91,101.7,,,,,19301,6182018200 5
"SUNAPEE, LAKE",SUNAPEE,200,18-Jun-18,4,20.5,8.83,102.8,,,,,19300,6182018200 4
"SUNAPEE, LAKE",SUNAPEE,200,18-Jun-18,3,20.6,8.85,103.1,,,,,19299,6182018200 3
"SUNAPEE, LAKE",SUNAPEE,200,18-Jun-18,2,20.7,8.84,103.1,,,,,19298,6182018200 2
"SUNAPEE, LAKE",SUNAPEE,200,18-Jun-18,1,20.8,8.84,103.4,,,,,19297,6182018200 1
"SUNAPEE, LAKE",SUNAPEE,200,18-Jun-18,0.5,21.1,8.74,102.9,,,,,19296,6182018200 .5
"SUNAPEE, LAKE",SUNAPEE,230,18-Jun-18,21,8.5,8.42,75.7,,,,,19389,6182018230 21
"SUNAPEE, LAKE",SUNAPEE,230,18-Jun-18,20,8.6,8.55,76.9,,,,,19388,6182018230 20
"SUNAPEE, LAKE",SUNAPEE,230,18-Jun-18,19,8.6,8.63,77.8,,,,,19387,6182018230 19
"SUNAPEE, LAKE",SUNAPEE,230,18-Jun-18,18,8.7,8.79,79.2,,,,,19386,6182018230 18
"SUNAPEE, LAKE",SUNAPEE,230,18-Jun-18,17,8.8,8.82,79.8,,,,,19385,6182018230 17
"SUNAPEE, LAKE",SUNAPEE,230,18-Jun-18,16,9,9.03,82,,,,,19384,6182018230 16
"SUNAPEE, LAKE",SUNAPEE,230,18-Jun-18,15,9.2,9.28,84.7,,,,,19383,6182018230 15
"SUNAPEE, LAKE",SUNAPEE,230,18-Jun-18,14,9.5,9.38,86.2,,,,,19382,6182018230 14
"SUNAPEE, LAKE",SUNAPEE,230,18-Jun-18,13,10.1,9.73,90.8,,,,,19381,6182018230 13
"SUNAPEE, LAKE",SUNAPEE,230,18-Jun-18,12,10.5,9.8,92.2,,,,,19380,6182018230 12
"SUNAPEE, LAKE",SUNAPEE,230,18-Jun-18,11,10.8,9.87,93.6,,,,,19379,6182018230 11
"SUNAPEE, LAKE",SUNAPEE,230,18-Jun-18,10,11,9.89,94.2,,,,,19378,6182018230 10
"SUNAPEE, LAKE",SUNAPEE,230,18-Jun-18,9,11.5,10.03,96.6,,,,,19377,6182018230 9
"SUNAPEE, LAKE",SUNAPEE,230,18-Jun-18,8,13.9,9.92,100.9,,,,,19376,6182018230 8
"SUNAPEE, LAKE",SUNAPEE,230,18-Jun-18,7,17.7,9.12,100.4,,,,,19375,6182018230 7
"SUNAPEE, LAKE",SUNAPEE,230,18-Jun-18,6,18.4,9.01,100.6,,,,,19374,6182018230 6
"SUNAPEE, LAKE",SUNAPEE,230,18-Jun-18,5,19.3,9.02,102.6,,,,,19373,6182018230 5
"SUNAPEE, LAKE",SUNAPEE,230,18-Jun-18,4,19.8,8.96,102.9,,,,,19372,6182018230 4
"SUNAPEE, LAKE",SUNAPEE,230,18-Jun-18,3,20.2,8.93,103.4,,,,,19371,6182018230 3
"SUNAPEE, LAKE",SUNAPEE,230,18-Jun-18,2,20.5,8.89,103.5,,,,,19370,6182018230 2
"SUNAPEE, LAKE",SUNAPEE,230,18-Jun-18,1,21.1,8.77,103.4,,,,,19369,6182018230 1
"SUNAPEE, LAKE",SUNAPEE,230,18-Jun-18,0.5,21.6,8.68,103.2,,,,,19368,6182018230 .5
"SUNAPEE, LAKE",SUNAPEE,220,18-Jun-18,23,6.5,8.12,69.3,,,,,19367,6182018220 23
"SUNAPEE, LAKE",SUNAPEE,220,18-Jun-18,22,6.5,8.35,71.4,,,,,19366,6182018220 22
"SUNAPEE, LAKE",SUNAPEE,220,18-Jun-18,21,6.6,8.5,72.8,,,,,19365,6182018220 21
"SUNAPEE, LAKE",SUNAPEE,220,18-Jun-18,20,6.7,8.92,76.7,,,,,19364,6182018220 20
"SUNAPEE, LAKE",SUNAPEE,220,18-Jun-18,19,6.9,8.91,76.8,,,,,19363,6182018220 19
"SUNAPEE, LAKE",SUNAPEE,220,18-Jun-18,18,7.1,9.15,79.2,,,,,19362,6182018220 18
"SUNAPEE, LAKE",SUNAPEE,220,18-Jun-18,17,7.5,9.61,84.1,,,,,19361,6182018220 17
"SUNAPEE, LAKE",SUNAPEE,220,18-Jun-18,16,8.1,9.66,85.9,,,,,19360,6182018220 16
"SUNAPEE, LAKE",SUNAPEE,220,18-Jun-18,15,8.6,9.66,87,,,,,19359,6182018220 15
"SUNAPEE, LAKE",SUNAPEE,220,18-Jun-18,14,9.2,9.94,90.7,,,,,19358,6182018220 14
"SUNAPEE, LAKE",SUNAPEE,220,18-Jun-18,13,9.9,10,92.7,,,,,19357,6182018220 13
"SUNAPEE, LAKE",SUNAPEE,220,18-Jun-18,12,10.5,10.04,94.6,,,,,19356,6182018220 12
"SUNAPEE, LAKE",SUNAPEE,220,18-Jun-18,11,11,10.05,95.6,,,,,19355,6182018220 11
"SUNAPEE, LAKE",SUNAPEE,220,18-Jun-18,10,11.5,10.19,98.1,,,,,19354,6182018220 10
"SUNAPEE, LAKE",SUNAPEE,220,18-Jun-18,9,12,10.13,98.6,,,,,19353,6182018220 9
"SUNAPEE, LAKE",SUNAPEE,220,18-Jun-18,8,13.2,10.09,100.9,,,,,19352,6182018220 8
"SUNAPEE, LAKE",SUNAPEE,220,18-Jun-18,7,15.2,9.92,103.8,,,,,19351,6182018220 7
"SUNAPEE, LAKE",SUNAPEE,220,18-Jun-18,6,18.2,9.17,102.1,,,,,19350,6182018220 6
"SUNAPEE, LAKE",SUNAPEE,220,18-Jun-18,5,18.9,9.12,103,,,,,19349,6182018220 5
"SUNAPEE, LAKE",SUNAPEE,220,18-Jun-18,4,19.2,9.02,102.6,,,,,19348,6182018220 4
"SUNAPEE, LAKE",SUNAPEE,220,18-Jun-18,3,20.5,8.88,103.6,,,,,19347,6182018220 3
"SUNAPEE, LAKE",SUNAPEE,220,18-Jun-18,2,20.7,8.87,103.9,,,,,19346,6182018220 2
"SUNAPEE, LAKE",SUNAPEE,220,18-Jun-18,1,21.1,8.87,104.6,,,,,19345,6182018220 1
"SUNAPEE, LAKE",SUNAPEE,220,18-Jun-18,0.5,21.3,8.84,104.7,,,,,19344,6182018220 .5
"SUNAPEE, LAKE",SUNAPEE,210,18-Jun-18,30,6.8,8.24,70.7,,,,,19343,6182018210 30
"SUNAPEE, LAKE",SUNAPEE,210,18-Jun-18,29,6.8,8.7,74.7,,,,,19342,6182018210 29
"SUNAPEE, LAKE",SUNAPEE,210,18-Jun-18,28,6.8,8.96,77,,,,,19341,6182018210 28
"SUNAPEE, LAKE",SUNAPEE,210,18-Jun-18,27,6.9,9.3,80,,,,,19340,6182018210 27
"SUNAPEE, LAKE",SUNAPEE,210,18-Jun-18,26,6.9,9.32,80.2,,,,,19339,6182018210 26
"SUNAPEE, LAKE",SUNAPEE,210,18-Jun-18,25,6.9,9.31,80.3,,,,,19338,6182018210 25
"SUNAPEE, LAKE",SUNAPEE,210,18-Jun-18,24,7,9.34,80.6,,,,,19337,6182018210 24
"SUNAPEE, LAKE",SUNAPEE,210,18-Jun-18,23,7,9.46,81.7,,,,,19336,6182018210 23
"SUNAPEE, LAKE",SUNAPEE,210,18-Jun-18,22,7.1,9.58,82.9,,,,,19335,6182018210 22
"SUNAPEE, LAKE",SUNAPEE,210,18-Jun-18,21,7.1,9.63,83.4,,,,,19334,6182018210 21
"SUNAPEE, LAKE",SUNAPEE,210,18-Jun-18,20,7.1,9.64,83.5,,,,,19333,6182018210 20
"SUNAPEE, LAKE",SUNAPEE,210,18-Jun-18,19,7.2,9.76,84.6,,,,,19332,6182018210 19
"SUNAPEE, LAKE",SUNAPEE,210,18-Jun-18,18,7.2,9.66,83.8,,,,,19331,6182018210 18
"SUNAPEE, LAKE",SUNAPEE,210,18-Jun-18,17,7.3,9.81,85.2,,,,,19330,6182018210 17
"SUNAPEE, LAKE",SUNAPEE,210,18-Jun-18,16,7.4,9.86,85.9,,,,,19329,6182018210 16
"SUNAPEE, LAKE",SUNAPEE,210,18-Jun-18,15,7.9,10.01,88.4,,,,,19328,6182018210 15
"SUNAPEE, LAKE",SUNAPEE,210,18-Jun-18,14,8.3,10.25,91.3,,,,,19327,6182018210 14
"SUNAPEE, LAKE",SUNAPEE,210,18-Jun-18,13,8.5,10.27,91.9,,,,,19326,6182018210 13
"SUNAPEE, LAKE",SUNAPEE,210,18-Jun-18,12,9,9.96,90.2,,,,,19325,6182018210 12
"SUNAPEE, LAKE",SUNAPEE,210,18-Jun-18,11,9.6,10.26,94.4,,,,,19324,6182018210 11
"SUNAPEE, LAKE",SUNAPEE,210,18-Jun-18,10,11.3,10.31,98.5,,,,,19323,6182018210 10
"SUNAPEE, LAKE",SUNAPEE,210,18-Jun-18,9,12.4,10.16,99.6,,,,,19322,6182018210 9
"SUNAPEE, LAKE",SUNAPEE,210,18-Jun-18,8,16,9.8,104,,,,,19321,6182018210 8
"SUNAPEE, LAKE",SUNAPEE,210,18-Jun-18,7,16.3,9.61,102.8,,,,,19320,6182018210 7
"SUNAPEE, LAKE",SUNAPEE,210,18-Jun-18,6,17.2,9.42,102.6,,,,,19319,6182018210 6
"SUNAPEE, LAKE",SUNAPEE,210,18-Jun-18,5,18.6,9.07,101.5,,,,,19318,6182018210 5
"SUNAPEE, LAKE",SUNAPEE,210,18-Jun-18,4,19.1,8.96,101.4,,,,,19317,6182018210 4
"SUNAPEE, LAKE",SUNAPEE,210,18-Jun-18,3,19.6,8.98,102.6,,,,,19316,6182018210 3
